originalPassword,symbolStart,chunks,characters,unsentenceLikeCaps,mixedCharacterString,pronounceable,lpd,entropy,permutedPassword,newentropy,newsymbolStart,newchunks,newcharacters,newunsentenceLikeCaps,newmixedCharacterString,newpronounceable,newlpd,ipadkeystrokes,newipadkeystrokes,androidkeystrokes,newandroidkeystrokes,desktopkeystrokes,newdesktopkeystrokes,passwordlength,numLetters,numNumbers,numSymbols
v1!_VL,0,1,-1,0,0,0,0,7.491853096329674,VLv1!_,-7.491853096329674,0,-1,1,0,0,0,0,1,-1,1,-1,1,-1,6,3,1,2
t4r!J1,0,0,-1,0,1,0,0,7.491853096329674,Jtr41!,-7.491853096329674,0,0,1,0,-1,0,0,6,-6,6,-6,6,-6,6,3,2,1
r]6J+N,0,1,-1,-1,0,0,-1,7.491853096329674,JNr6]+,-7.491853096329674,0,-1,1,1,0,0,1,4,-4,4,-4,4,-4,6,3,1,2
q856VW,0,0,0,0,1,0,1,5.906890595608516,VWq856,-5.906890595608516,0,0,0,0,-1,0,-1,1,-1,1,-1,1,-1,6,3,3,0
o5;*nX,0,1,-1,1,0,1,2,7.491853096329674,Xon5;*,-7.491853096329674,0,-1,1,-1,0,-1,-2,1,-1,1,-1,1,-1,6,3,1,2
mo3u+H,0,0,-1,0,1,0,0,6.906890595608516,Hmou3+,-6.906890595608516,0,0,1,0,-1,0,0,4,-4,4,-4,4,-4,6,4,1,1
i2)2WQ,0,0,-2,0,0,0,-2,7.491853096329674,WQi22),-7.491853096329674,0,0,2,0,0,0,2,1,-1,1,-1,1,-1,6,3,2,1
g8:6AR,0,0,-2,0,0,0,-2,7.491853096329674,ARg86:,-7.491853096329674,0,0,2,0,0,0,2,1,-1,1,-1,1,-1,6,3,2,1
d:4}nY,0,1,-1,1,0,0,1,7.491853096329674,Ydn4:},-7.491853096329674,0,-1,1,-1,0,0,-1,1,-1,1,-1,1,-1,6,3,1,2
c8>|NG,0,1,-1,0,0,0,0,7.491853096329674,NGc8>|,-7.491853096329674,0,-1,1,0,0,0,0,1,-1,1,-1,1,-1,6,3,1,2
8l^Q-T,0,1,-1,-1,0,0,-1,7.491853096329674,QTl8^-,-7.491853096329674,0,-1,1,1,0,0,1,7,-7,7,-7,7,-7,6,3,1,2
7s$U]p,0,1,-1,0,0,1,1,7.491853096329674,Usp7$],-7.491853096329674,0,-1,1,0,0,-1,-1,7,-7,7,-7,7,-7,6,3,1,2
7*pauR,0,0,-1,1,0,0,0,6.906890595608516,Rpau7*,-6.906890595608516,0,0,1,-1,0,0,0,1,-1,1,-1,1,-1,6,4,1,1
5c2`Qe,0,0,-1,0,1,0,0,7.491853096329674,Qce52`,-7.491853096329674,0,0,1,0,-1,0,0,4,-4,4,-4,4,-4,6,3,2,1
4o6&4D,0,0,-1,0,1,1,1,6.906890595608516,Do464&,-6.906890595608516,0,0,1,0,-1,-1,-1,4,-4,4,-4,4,-4,6,2,3,1
3qq:Q-,0,1,0,0,0,0,1,7.491853096329674,Qqq3:-,-7.491853096329674,0,-1,0,0,0,0,-1,6,-6,6,-6,6,-6,6,3,1,2
3.bH1o,0,0,-1,1,1,1,2,7.491853096329674,Hbo31.,-7.491853096329674,0,0,1,-1,-1,-1,-2,4,-4,4,-4,4,-4,6,3,2,1
2fKIl1,0,0,0,0,1,0,1,6.491853096329677,KIfl21,-6.491853096329677,0,0,0,0,-1,0,-1,3,-3,3,-3,3,-3,6,4,2,0
1v]0JL,0,0,-2,0,0,0,-2,7.491853096329674,JLv10],-7.491853096329674,0,0,2,0,0,0,2,4,-4,4,-4,4,-4,6,3,2,1
1q!+In,0,1,-1,0,0,-1,-1,7.491853096329674,Iqn1!+,-7.491853096329674,0,-1,1,0,0,1,1,4,-4,4,-4,4,-4,6,3,1,2
0o|0cV,0,0,-2,1,0,1,0,7.491853096329674,Voc00|,-7.491853096329674,0,0,2,-1,0,-1,0,4,-4,4,-4,4,-4,6,3,2,1
=66c&Q,1,0,0,0,0,0,1,7.491853096329674,Qc66=&,-7.491853096329674,-1,0,0,0,0,0,-1,4,-4,4,-4,4,-4,6,2,2,2
<bu1'W,1,0,0,0,0,0,1,7.491853096329674,Wbu1<',-7.491853096329674,-1,0,0,0,0,0,-1,4,-4,4,-4,4,-4,6,3,1,2
+u4Aj^,1,0,0,0,1,0,2,7.491853096329674,Auj4+^,-7.491853096329674,-1,0,0,0,-1,0,-2,6,-6,6,-6,6,-6,6,3,1,2
/t0[2B,1,0,-1,0,0,0,0,7.491853096329674,Bt02/[,-7.491853096329674,-1,0,1,0,0,0,0,4,-4,4,-4,4,-4,6,2,2,2
)7f0(O,1,0,0,0,1,1,3,7.491853096329674,Of70)(,-7.491853096329674,-1,0,0,0,-1,-1,-3,4,-4,4,-4,4,-4,6,2,2,2
%6iCR5,1,0,-1,0,1,1,2,7.491853096329674,CRi65%,-7.491853096329674,-1,0,1,0,-1,-1,-2,3,-3,3,-3,3,-3,6,3,2,1
!g3Fy\,1,0,0,0,1,0,2,7.491853096329674,Fgy3!\,-7.491853096329674,-1,0,0,0,-1,0,-2,6,-6,6,-6,6,-6,6,3,1,2
y7]Nw&v,0,1,-2,0,0,1,0,8.714245517666122,Nywv7]&,-8.714245517666122,0,-1,2,0,0,-1,0,4,-4,4,-4,4,-4,7,4,1,2
y;7)12I,0,1,-2,0,0,1,0,8.714245517666122,Iy712;),-8.714245517666122,0,-1,2,0,0,-1,0,1,-1,1,-1,1,-1,7,2,3,2
v3/Sj[j,0,1,-2,0,0,0,-1,8.714245517666122,Svjj3/[,-8.714245517666122,0,-1,2,0,0,0,1,4,-4,4,-4,4,-4,7,4,1,2
v0/kR]F,0,1,-2,0,0,0,-1,9.299208018387276,RFvk0/],-9.299208018387276,0,-1,2,0,0,0,1,4,-4,4,-4,4,-4,7,4,1,2
u7c73?I,0,0,0,0,1,0,1,8.714245517666122,Iuc773?,-8.714245517666122,0,0,0,0,-1,0,-1,4,-4,4,-4,4,-4,7,3,3,1
tum7)Pu,0,0,-1,0,0,-1,-2,7.7142455176661215,Ptumu7),-7.7142455176661215,0,0,1,0,0,1,2,1,-1,1,-1,1,-1,7,5,1,1
t1'UpfH,0,0,-1,0,0,-1,-2,8.714245517666122,UHtpf1',-8.714245517666122,0,0,1,0,0,1,2,1,-1,1,-1,1,-1,7,5,1,1
s6g[(N2,0,1,-1,0,1,0,1,9.299208018387276,Nsg62[(,-9.299208018387276,0,-1,1,0,-1,0,-1,6,-6,6,-6,6,-6,7,3,2,2
"r5,0&oC",0,1,-2,1,0,1,1,9.299208018387276,"Cro50,&",-9.299208018387276,0,-1,2,-1,0,-1,-1,1,-1,1,-1,1,-1,7,3,2,2
"q,o4WX^",0,1,-1,0,1,0,1,9.299208018387276,"WXqo4,^",-9.299208018387276,0,-1,1,0,-1,0,-1,6,-6,6,-6,6,-6,7,4,1,2
oi{5nAv,0,0,-1,1,0,0,0,7.7142455176661215,Aoinv5{,-7.7142455176661215,0,0,1,-1,0,0,0,1,-1,1,-1,1,-1,7,5,1,1
o01'GK@,0,1,-1,0,0,1,1,9.299208018387276,GKo01'@,-9.299208018387276,0,-1,1,0,0,-1,-1,3,-3,3,-3,3,-3,7,3,2,2
n8\uXK3,0,0,-1,0,0,0,-1,9.299208018387276,XKnu83\,-9.299208018387276,0,0,1,0,0,0,1,3,-3,3,-3,3,-3,7,4,2,1
n5[7weF,0,0,-1,1,0,0,0,8.714245517666122,Fnwe57[,-8.714245517666122,0,0,1,-1,0,0,0,1,-1,1,-1,1,-1,7,4,2,1
l2|1Pm7,0,0,-1,0,1,0,0,8.714245517666122,Plm217|,-8.714245517666122,0,0,1,0,-1,0,0,3,-3,3,-3,3,-3,7,3,3,1
i~c7+vW,0,1,-2,1,0,1,1,8.714245517666122,Wicv7~+,-8.714245517666122,0,-1,2,-1,0,-1,-1,4,-4,4,-4,4,-4,7,4,1,2
fv0:=RL,0,1,-1,0,0,0,0,9.299208018387276,RLfv0:=,-9.299208018387276,0,-1,1,0,0,0,0,1,-1,1,-1,1,-1,7,4,1,2
fm0j>3T,0,0,-1,0,1,0,0,8.714245517666122,Tfmj03>,-8.714245517666122,0,0,1,0,-1,0,0,4,-4,4,-4,4,-4,7,4,2,1
e5;m>4V,0,1,-2,0,0,1,0,9.299208018387276,Vem54;>,-9.299208018387276,0,-1,2,0,0,-1,0,4,-4,4,-4,4,-4,7,3,2,2
c<7[FYX,0,1,-2,0,0,0,-1,8.714245517666122,FYXc7<[,-8.714245517666122,0,-1,2,0,0,0,1,1,-1,1,-1,1,-1,7,4,1,2
b08'_Pl,0,1,-1,0,0,0,0,9.299208018387276,Pbl08'_,-9.299208018387276,0,-1,1,0,0,0,0,1,-1,1,-1,1,-1,7,3,2,2
b|2T0J0,0,0,-1,-1,1,0,-1,8.714245517666122,TJb200|,-8.714245517666122,0,0,1,1,-1,0,1,6,-6,6,-6,6,-6,7,3,3,1
b$a8j;T,0,1,-1,0,1,1,2,8.714245517666122,Tbaj8$;,-8.714245517666122,0,-1,1,0,-1,-1,-2,7,-7,7,-7,7,-7,7,4,1,2
8v?-QA3,0,1,-2,0,0,1,0,9.299208018387276,QAv83?-,-9.299208018387276,0,-1,2,0,0,-1,0,6,-6,6,-6,6,-6,7,3,2,2
8p7@OD>,0,1,-1,0,1,0,1,9.299208018387276,ODp87@>,-9.299208018387276,0,-1,1,0,-1,0,-1,6,-6,6,-6,6,-6,7,3,2,2
8c{W0Lf,0,0,-1,-1,1,0,-1,9.299208018387276,WLcf80{,-9.299208018387276,0,0,1,1,-1,0,1,7,-7,7,-7,7,-7,7,4,2,1
8?fq[AM,0,1,-2,0,0,0,-1,9.299208018387276,AMfq8?[,-9.299208018387276,0,-1,2,0,0,0,1,4,-4,4,-4,4,-4,7,4,1,2
67c>L7T,0,0,-1,-1,1,0,-1,8.714245517666122,LTc677>,-8.714245517666122,0,0,1,1,-1,0,1,7,-7,7,-7,7,-7,7,3,3,1
6{yxOcg,0,0,-1,1,0,0,0,7.7142455176661215,Oyxcg6{,-7.7142455176661215,0,0,1,-1,0,0,0,1,-1,1,-1,1,-1,7,5,1,1
6[h=wKx,0,1,-2,1,0,0,0,8.714245517666122,Khwx6[=,-8.714245517666122,0,-1,2,-1,0,0,0,4,-4,4,-4,4,-4,7,4,1,2
6%m7ER&,0,1,-1,0,1,0,1,9.299208018387276,ERm67%&,-9.299208018387276,0,-1,1,0,-1,0,-1,6,-6,6,-6,6,-6,7,3,2,2
5?nkWW+,0,1,-1,0,0,0,0,9.299208018387276,WWnk5?+,-9.299208018387276,0,-1,1,0,0,0,0,3,-3,3,-3,3,-3,7,4,1,2
5%kw0[B,0,1,-1,0,0,0,0,9.299208018387276,Bkw50%[,-9.299208018387276,0,-1,1,0,0,0,0,4,-4,4,-4,4,-4,7,3,2,2
3c0{tOU,0,0,-1,0,1,0,0,9.299208018387276,OUct30{,-9.299208018387276,0,0,1,0,-1,0,0,4,-4,4,-4,4,-4,7,4,2,1
3c]3P6j,0,0,-1,0,1,0,0,8.714245517666122,Pcj336],-8.714245517666122,0,0,1,0,-1,0,0,7,-7,7,-7,7,-7,7,3,3,1
25h)44K,0,0,-1,0,0,0,-1,7.7142455176661215,Kh2544),-7.7142455176661215,0,0,1,0,0,0,1,4,-4,4,-4,4,-4,7,2,4,1
1bv:kbI,0,0,-1,1,0,0,0,7.7142455176661215,Ibvkb1:,-7.7142455176661215,0,0,1,-1,0,0,0,4,-4,4,-4,4,-4,7,5,1,1
11q0/wC,0,0,-1,1,1,0,1,8.714245517666122,Cqw110/,-8.714245517666122,0,0,1,-1,-1,0,-1,4,-4,4,-4,4,-4,7,3,3,1
0l(!2BI,0,1,-2,0,0,0,-1,9.299208018387276,BIl02(!,-9.299208018387276,0,-1,2,0,0,0,1,4,-4,4,-4,4,-4,7,3,2,2
0@l.QtD,0,1,-2,0,0,0,-1,9.299208018387276,QDlt0@.,-9.299208018387276,0,-1,2,0,0,0,1,4,-4,4,-4,4,-4,7,4,1,2
0!i3a<R,0,1,-1,0,1,1,2,9.299208018387276,Ria03!<,-9.299208018387276,0,-1,1,0,-1,-1,-2,7,-7,7,-7,7,-7,7,3,2,2
0!co0I?,0,1,-1,0,1,0,1,9.299208018387276,Ico00!?,-9.299208018387276,0,-1,1,0,-1,0,-1,6,-6,6,-6,6,-6,7,3,2,2
~j4tyFG,1,0,0,0,1,0,2,8.714245517666122,FGjty4~,-8.714245517666122,-1,0,0,0,-1,0,-2,4,-4,4,-4,4,-4,7,5,1,1
_4@cOT7,1,0,-1,0,0,0,0,9.299208018387276,OTc47_@,-9.299208018387276,-1,0,1,0,0,0,0,3,-3,3,-3,3,-3,7,3,2,2
:g1`R0M,1,0,-2,-1,1,0,-1,9.299208018387276,RMg10:`,-9.299208018387276,-1,0,2,1,-1,0,1,7,-7,7,-7,7,-7,7,3,2,2
/ua5gS(,1,0,0,1,1,1,4,8.714245517666122,Suag5/(,-8.714245517666122,-1,0,0,-1,-1,-1,-4,6,-6,6,-6,6,-6,7,4,1,2
/3d&pK3,1,0,-2,1,0,0,0,9.299208018387276,Kdp33/&,-9.299208018387276,-1,0,2,-1,0,0,0,6,-6,6,-6,6,-6,7,3,2,2
.h]26R5,1,0,-1,0,1,0,1,8.714245517666122,Rh265.],-8.714245517666122,-1,0,1,0,-1,0,-1,6,-6,6,-6,6,-6,7,2,3,2
*4cebN>,1,0,0,1,0,0,2,8.714245517666122,Nceb4*>,-8.714245517666122,-1,0,0,-1,0,0,-2,3,-3,3,-3,3,-3,7,4,1,2
)w^87GS,1,0,-1,0,0,0,0,9.299208018387276,GSw87)^,-9.299208018387276,-1,0,1,0,0,0,0,4,-4,4,-4,4,-4,7,3,2,2
&j8[45C,1,0,-2,0,0,0,-1,8.714245517666122,Cj845&[,-8.714245517666122,-1,0,2,0,0,0,1,4,-4,4,-4,4,-4,7,2,3,2
&}xa8D3,1,0,-1,0,1,0,1,9.299208018387276,Dxa83&},-9.299208018387276,-1,0,1,0,-1,0,-1,6,-6,6,-6,6,-6,7,3,2,2
x?s3l3bF,0,0,-1,1,1,0,1,9.714245517666122,Fxslb33?,-9.714245517666122,0,0,1,-1,-1,0,-1,7,-7,7,-7,7,-7,8,5,2,1
v3.@Y3Eg,0,1,-1,-1,1,0,0,11.299208018387276,YEvg33.@,-11.299208018387276,0,-1,1,1,-1,0,0,4,-4,4,-4,4,-4,8,4,2,2
v2(o3)YX,0,1,-2,0,0,0,-1,11.299208018387276,YXvo23(),-11.299208018387276,0,-1,2,0,0,0,1,4,-4,4,-4,4,-4,8,4,2,2
ua7t?C2#,0,1,-1,0,1,1,2,10.714245517666122,Cuat72?#,-10.714245517666122,0,-1,1,0,-1,-1,-2,6,-6,6,-6,6,-6,8,4,2,2
u07'H8%0,0,1,-1,0,0,1,1,9.714245517666122,Hu0780'%,-9.714245517666122,0,-1,1,0,0,-1,-1,3,-3,3,-3,3,-3,8,2,4,2
u]g7|5vW,0,1,-2,1,0,1,1,10.714245517666122,Wugv75]|,-10.714245517666122,0,-1,2,-1,0,-1,-1,4,-4,4,-4,4,-4,8,4,2,2
t'n0Iy]1,0,1,-1,0,1,0,1,10.714245517666122,Itny01'],-10.714245517666122,0,-1,1,0,-1,0,-1,6,-6,6,-6,6,-6,8,4,2,2
r8?p58!O,0,1,-1,0,0,1,1,10.714245517666122,Orp858?!,-10.714245517666122,0,-1,1,0,0,-1,-1,4,-4,4,-4,4,-4,8,3,3,2
q30}48C1,0,0,-1,0,1,0,0,8.39231742277876,Cq30481},-8.39231742277876,0,0,1,0,-1,0,0,3,-3,3,-3,3,-3,8,2,5,1
p^'7hkDC,0,1,-1,0,0,0,0,10.714245517666122,DCphk7^',-10.714245517666122,0,-1,1,0,0,0,0,1,-1,1,-1,1,-1,8,5,1,2
o]a2luCN,0,0,-1,0,1,0,0,9.714245517666122,CNoalu2],-9.714245517666122,0,0,1,0,-1,0,0,4,-4,4,-4,4,-4,8,6,1,1
m3)61fHw,0,0,-2,1,0,1,0,10.129283016944967,Hmfw361),-10.129283016944967,0,0,2,-1,0,-1,0,1,-1,1,-1,1,-1,8,4,3,1
li7-017B,0,0,-1,0,0,0,-1,9.714245517666122,Bli7017-,-9.714245517666122,0,0,1,0,0,0,1,1,-1,1,-1,1,-1,8,3,4,1
l281(28C,0,0,-2,0,0,0,-2,8.39231742277876,Cl28128(,-8.39231742277876,0,0,2,0,0,0,2,1,-1,1,-1,1,-1,8,2,5,1
k\6\rXqJ,0,1,-1,0,0,0,0,10.714245517666122,XJkrq6\\,-10.714245517666122,0,-1,1,0,0,0,0,1,-1,1,-1,1,-1,8,5,1,2
j2[4Hd?b,0,1,-1,0,0,0,0,10.714245517666122,Hjdb24[?,-10.714245517666122,0,-1,1,0,0,0,0,4,-4,4,-4,4,-4,8,4,2,2
j;4437W),0,1,0,0,0,0,1,9.714245517666122,Wj4437;),-9.714245517666122,0,-1,0,0,0,0,-1,3,-3,3,-3,3,-3,8,2,4,2
hj7@UL@S,0,1,-1,0,0,0,0,10.714245517666122,ULShj7@@,-10.714245517666122,0,-1,1,0,0,0,0,4,-4,4,-4,4,-4,8,5,1,2
h5w#pYM.,0,1,0,0,1,0,2,10.714245517666122,YMhwp5#.,-10.714245517666122,0,-1,0,0,-1,0,-2,6,-6,6,-6,6,-6,8,5,1,2
g]5$3O1B,0,1,-1,-1,1,1,1,10.714245517666122,OBg531]$,-10.714245517666122,0,-1,1,1,-1,-1,-1,4,-4,4,-4,4,-4,8,3,3,2
f72>7]7K,0,1,-1,0,0,0,0,9.714245517666122,Kf7277>],-9.714245517666122,0,-1,1,0,0,0,0,1,-1,1,-1,1,-1,8,2,4,2
f4l%CU/Q,0,1,-1,0,1,0,1,10.714245517666122,CUQfl4%/,-10.714245517666122,0,-1,1,0,-1,0,-1,7,-7,7,-7,7,-7,8,5,1,2
d6!\NJlB,0,1,-1,0,0,0,0,10.714245517666122,NJBdl6!\,-10.714245517666122,0,-1,1,0,0,0,0,1,-1,1,-1,1,-1,8,5,1,2
d2_OsTN2,0,0,-2,0,0,0,-2,10.714245517666122,OTNds22_,-10.714245517666122,0,0,2,0,0,0,2,3,-3,3,-3,3,-3,8,5,2,1
c>1e8DFk,0,0,-1,0,1,1,1,10.714245517666122,DFcek18>,-10.714245517666122,0,0,1,0,-1,-1,-1,4,-4,4,-4,4,-4,8,5,2,1
b{08t/Ay,0,1,-1,0,0,0,0,10.714245517666122,Abty08{/,-10.714245517666122,0,-1,1,0,0,0,0,4,-4,4,-4,4,-4,8,4,2,2
8v^g6q1K,0,0,-2,0,1,0,-1,10.129283016944967,Kvgq861^,-10.129283016944967,0,0,2,0,-1,0,1,10,-10,10,-10,10,-10,8,4,3,1
8q-1;N1E,0,1,-2,-1,1,1,0,10.714245517666122,NEq811-;,-10.714245517666122,0,-1,2,1,-1,-1,0,7,-7,7,-7,7,-7,8,3,3,2
8l0+jY6M,0,0,-1,0,2,0,1,10.714245517666122,YMlj806+,-10.714245517666122,0,0,1,0,-2,0,-1,7,-7,7,-7,7,-7,8,4,3,1
8g-2hnCM,0,0,-2,0,0,0,-2,10.714245517666122,CMghn82-,-10.714245517666122,0,0,2,0,0,0,2,4,-4,4,-4,4,-4,8,5,2,1
82t.nX\Y,0,1,-1,0,0,1,1,11.299208018387276,XYtn82.\,-11.299208018387276,0,-1,1,0,0,-1,-1,7,-7,7,-7,7,-7,8,4,2,2
8>o|Y6vj,0,1,-1,0,1,1,2,10.714245517666122,Yovj86>|,-10.714245517666122,0,-1,1,0,-1,-1,-2,7,-7,7,-7,7,-7,8,4,2,2
7x5*s{F8,0,1,-1,0,1,0,1,10.714245517666122,Fxs758*{,-10.714245517666122,0,-1,1,0,-1,0,-1,9,-9,9,-9,9,-9,8,3,3,2
7o/5tjQW,0,0,-2,0,0,1,-1,10.714245517666122,QWotj75/,-10.714245517666122,0,0,2,0,0,-1,1,4,-4,4,-4,4,-4,8,5,2,1
61y^4Ycy,0,0,-1,0,0,1,0,10.129283016944967,Yycy614^,-10.129283016944967,0,0,1,0,0,-1,0,4,-4,4,-4,4,-4,8,4,3,1
5n%p8n[U,0,1,-1,0,1,1,2,10.714245517666122,Unpn58%[,-10.714245517666122,0,-1,1,0,-1,-1,-2,10,-10,10,-10,10,-10,8,4,2,2
5-b4%M5x,0,1,-2,0,1,0,0,10.714245517666122,Mbx545-%,-10.714245517666122,0,-1,2,0,-1,0,0,7,-7,7,-7,7,-7,8,3,3,2
4ya6b~rK,0,0,-1,1,1,0,1,9.714245517666122,Kyabr46~,-9.714245517666122,0,0,1,-1,-1,0,-1,7,-7,7,-7,7,-7,8,5,2,1
"4u{sNi,Q",0,1,-1,0,0,0,0,10.714245517666122,"NQusi4{,",-10.714245517666122,0,-1,1,0,0,0,0,7,-7,7,-7,7,-7,8,5,1,2
4f@5>4cO,0,1,-2,1,0,1,1,10.714245517666122,Ofc454@>,-10.714245517666122,0,-1,2,-1,0,-1,-1,4,-4,4,-4,4,-4,8,3,3,2
4*1cP/Vn,0,1,-1,0,0,0,0,11.299208018387276,PVcn41*/,-11.299208018387276,0,-1,1,0,0,0,0,4,-4,4,-4,4,-4,8,4,2,2
3d2'W{CK,0,1,-1,0,1,0,1,10.714245517666122,WCKd32'{,-10.714245517666122,0,-1,1,0,-1,0,-1,7,-7,7,-7,7,-7,8,4,2,2
3`e:C8va,0,1,-1,0,1,0,1,10.714245517666122,Ceva38`:,-10.714245517666122,0,-1,1,0,-1,0,-1,7,-7,7,-7,7,-7,8,4,2,2
25epl\MJ,0,0,-1,0,0,0,-1,10.714245517666122,MJepl25\,-10.714245517666122,0,0,1,0,0,0,1,4,-4,4,-4,4,-4,8,5,2,1
1w-702Pf,0,0,-2,0,0,0,-2,9.714245517666122,Pwf1702-,-9.714245517666122,0,0,2,0,0,0,2,4,-4,4,-4,4,-4,8,3,4,1
1tp^%aH4,0,1,-1,1,0,1,2,10.714245517666122,Htpa14^%,-10.714245517666122,0,-1,1,-1,0,-1,-2,6,-6,6,-6,6,-6,8,4,2,2
1k!{4U3s,0,1,-1,0,1,1,2,10.714245517666122,Uks143!{,-10.714245517666122,0,-1,1,0,-1,-1,-2,7,-7,7,-7,7,-7,8,3,3,2
1il3^WC[,0,1,-1,0,1,0,1,11.299208018387276,WCil13^[,-11.299208018387276,0,-1,1,0,-1,0,-1,6,-6,6,-6,6,-6,8,4,2,2
10g#B0}7,0,1,-1,0,0,0,0,9.714245517666122,Bg1007#},-9.714245517666122,0,-1,1,0,0,0,0,6,-6,6,-6,6,-6,8,2,4,2
1)f~I73m,0,1,-1,0,1,1,2,10.714245517666122,Ifm173)~,-10.714245517666122,0,-1,1,0,-1,-1,-2,7,-7,7,-7,7,-7,8,3,3,2
<e8:70MV,1,0,-1,0,0,1,1,10.714245517666122,MVe870<:,-10.714245517666122,-1,0,1,0,0,-1,-1,4,-4,4,-4,4,-4,8,3,3,2
+p06Y7aC,1,0,-1,0,1,1,2,10.714245517666122,YCpa067+,-10.714245517666122,-1,0,1,0,-1,-1,-2,7,-7,7,-7,7,-7,8,4,3,1
~w8}BykH,1,0,-1,0,0,0,0,10.714245517666122,BHwyk8~},-10.714245517666122,-1,0,1,0,0,0,0,4,-4,4,-4,4,-4,8,5,1,2
_m08lhW*,1,0,0,1,1,0,3,10.714245517666122,Wmlh08_*,-10.714245517666122,-1,0,0,-1,-1,0,-3,6,-6,6,-6,6,-6,8,4,2,2
_0rgd%Db,1,0,-1,0,0,0,0,9.714245517666122,Drgdb0_%,-9.714245517666122,-1,0,1,0,0,0,0,4,-4,4,-4,4,-4,8,5,1,2
^i|k14FK,1,0,-1,0,1,1,2,11.299208018387276,FKik14^|,-11.299208018387276,-1,0,1,0,-1,-1,-2,7,-7,7,-7,7,-7,8,4,2,2
]a5xV6EM,1,0,-1,0,1,0,1,10.714245517666122,VEMax56],-10.714245517666122,-1,0,1,0,-1,0,-1,7,-7,7,-7,7,-7,8,5,2,1
]4t8c4Oj,1,0,-1,0,1,1,2,10.129283016944967,Otcj484],-10.129283016944967,-1,0,1,0,-1,-1,-2,7,-7,7,-7,7,-7,8,4,3,1
[r_800DS,1,0,-1,0,0,0,0,10.714245517666122,DSr800[_,-10.714245517666122,-1,0,1,0,0,0,0,4,-4,4,-4,4,-4,8,3,3,2
"?1tx7,GB",1,0,-1,0,1,0,1,11.299208018387276,"GBtx17?,",-11.299208018387276,-1,0,1,0,-1,0,-1,4,-4,4,-4,4,-4,8,4,2,2
";3,3lccO",1,0,-1,1,0,1,2,10.714245517666122,"Olcc33;,",-10.714245517666122,-1,0,1,-1,0,-1,-2,1,-1,1,-1,1,-1,8,4,2,2
/yf:6sIP,1,0,-1,0,0,-1,-1,10.714245517666122,IPyfs6/:,-10.714245517666122,-1,0,1,0,0,1,1,4,-4,4,-4,4,-4,8,5,1,2
.f#237Qr,1,0,-1,0,0,0,0,10.714245517666122,Qfr237.#,-10.714245517666122,-1,0,1,0,0,0,0,4,-4,4,-4,4,-4,8,3,3,2
)wq460'B,1,0,0,0,0,0,1,10.714245517666122,Bwq460)',-10.714245517666122,-1,0,0,0,0,0,-1,4,-4,4,-4,4,-4,8,3,3,2
#i16WM)8,1,0,0,0,1,1,3,10.714245517666122,WMi168#),-10.714245517666122,-1,0,0,0,-1,-1,-3,6,-6,6,-6,6,-6,8,3,3,2
y1f]-ywQB,0,1,-1,0,1,0,1,11.884170519108437,QByfyw1]-,-11.884170519108437,0,-1,1,0,-1,0,-1,4,-4,4,-4,4,-4,9,6,1,2
x>62hiWI4,0,0,-1,0,1,0,0,12.299208018387276,WIxhi624>,-12.299208018387276,0,0,1,0,-1,0,0,3,-3,3,-3,3,-3,9,5,3,1
wkx1#bEJL,0,0,-1,0,0,-1,-2,11.299208018387276,EJLwkxb1#,-11.299208018387276,0,0,1,0,0,1,2,1,-1,1,-1,1,-1,9,7,1,1
w.3-kOfTD,0,1,-2,0,0,0,-1,12.299208018387276,OTDwkf3.-,-12.299208018387276,0,-1,2,0,0,0,1,1,-1,1,-1,1,-1,9,6,1,2
t6/6Gw881,0,0,-1,0,1,0,0,10.562242424221068,Gtw66881/,-10.562242424221068,0,0,1,0,-1,0,0,3,-3,3,-3,3,-3,9,3,5,1
s37?6cWAP,0,0,-1,0,0,0,-1,12.299208018387276,WAPsc376?,-12.299208018387276,0,0,1,0,0,0,1,1,-1,1,-1,1,-1,9,5,3,1
r06}3R2m:,0,1,-1,0,1,0,1,11.884170519108437,Rrm0632}:,-11.884170519108437,0,-1,1,0,-1,0,-1,6,-6,6,-6,6,-6,9,3,4,2
qu1>~5SCB,0,1,-1,0,0,0,0,12.884170519108437,SCBqu15>~,-12.884170519108437,0,-1,1,0,0,0,0,1,-1,1,-1,1,-1,9,5,2,2
q2^%i1Ho8,0,1,-2,0,1,-1,-1,12.299208018387276,Hqio218^%,-12.299208018387276,0,-1,2,0,-1,1,1,6,-6,6,-6,6,-6,9,4,3,2
q0'e88)3E,0,1,-2,0,0,0,-1,11.884170519108437,Eqe0883'),-11.884170519108437,0,-1,2,0,0,0,1,4,-4,4,-4,4,-4,9,3,4,2
pag[p61mX,0,0,-1,1,1,0,1,10.562242424221068,Xpagpm61[,-10.562242424221068,0,0,1,-1,-1,0,-1,4,-4,4,-4,4,-4,9,6,2,1
p0h]lY/5b,0,1,-2,1,1,0,1,11.884170519108437,Yphlb05]/,-11.884170519108437,0,-1,2,-1,-1,0,-1,7,-7,7,-7,7,-7,9,5,2,2
n4~8@WpoD,0,1,-2,0,0,0,-1,12.884170519108437,WDnpo48~@,-12.884170519108437,0,-1,2,0,0,0,1,1,-1,1,-1,1,-1,9,5,2,2
n2#0`Pigf,0,1,-2,0,0,0,-1,11.884170519108437,Pnigf20#`,-11.884170519108437,0,-1,2,0,0,0,1,1,-1,1,-1,1,-1,9,5,2,2
l&4\15HcH,0,1,-2,0,0,0,-1,12.884170519108437,HHlc415&\,-12.884170519108437,0,-1,2,0,0,0,1,1,-1,1,-1,1,-1,9,4,3,2
k!7]41uLB,0,1,-2,0,0,0,-1,12.884170519108437,LBku741!],-12.884170519108437,0,-1,2,0,0,0,1,1,-1,1,-1,1,-1,9,4,3,2
im5$aLn0V,0,0,-1,0,1,-1,-1,11.884170519108437,LViman50$,-11.884170519108437,0,0,1,0,-1,1,1,4,-4,4,-4,4,-4,9,6,2,1
i64h||HoL,0,1,-2,0,1,0,0,12.884170519108437,HLiho64||,-12.884170519108437,0,-1,2,0,-1,0,0,4,-4,4,-4,4,-4,9,5,2,2
g2=4q~7Kl,0,1,-3,0,0,0,-2,12.299208018387276,Kgql247=~,-12.299208018387276,0,-1,3,0,0,0,2,4,-4,4,-4,4,-4,9,4,3,2
fv7/>8dGV,0,1,-1,0,0,0,0,12.884170519108437,GVfvd78/>,-12.884170519108437,0,-1,1,0,0,0,0,1,-1,1,-1,1,-1,9,5,2,2
-f285~iMQ,1,0,-2,0,0,0,-1,12.884170519108437,MQfi285-~,-12.884170519108437,-1,0,2,0,0,0,1,4,-4,4,-4,4,-4,9,4,3,2
f(5fCen6q,0,0,-1,1,1,0,1,10.562242424221068,Cffenq56(,-10.562242424221068,0,0,1,-1,-1,0,-1,4,-4,4,-4,4,-4,9,6,2,1
e01l^5H4^,0,1,-1,0,2,1,3,11.884170519108437,Hel0154^^,-11.884170519108437,0,-1,1,0,-2,-1,-3,6,-6,6,-6,6,-6,9,3,4,2
e?1}pViVC,0,1,-2,0,0,0,-1,12.299208018387276,VVCepi1?},-12.299208018387276,0,-1,2,0,0,0,1,1,-1,1,-1,1,-1,9,6,1,2
-c87QWjJT,1,0,0,0,1,0,2,11.884170519108437,QWJTcj87-,-11.884170519108437,-1,0,0,0,-1,0,-2,4,-4,4,-4,4,-4,9,6,2,1
c544{3D6H,0,0,-1,-1,1,0,-1,10.562242424221068,DHc54436{,-10.562242424221068,0,0,1,1,-1,0,1,4,-4,4,-4,4,-4,9,3,5,1
c3}2025LT,0,0,-1,0,0,0,-1,10.562242424221068,LTc32025},-10.562242424221068,0,0,1,0,0,0,1,1,-1,1,-1,1,-1,9,3,5,1
c^38R15De,0,0,-1,-1,1,-1,-2,11.884170519108437,RDce3815^,-11.884170519108437,0,0,1,1,-1,1,2,4,-4,4,-4,4,-4,9,4,4,1
b0e3.J~4N,0,1,-2,-1,1,1,0,12.884170519108437,JNbe034.~,-12.884170519108437,0,-1,2,1,-1,-1,0,7,-7,7,-7,7,-7,9,4,3,2
a738{L6(N,0,1,-2,-1,0,1,-1,11.884170519108437,LNa7386{(,-11.884170519108437,0,-1,2,1,0,-1,1,4,-4,4,-4,4,-4,9,3,4,2
7>6jq;5QL,0,1,-2,0,0,0,-1,12.884170519108437,QLjq765>;,-12.884170519108437,0,-1,2,0,0,0,1,4,-4,4,-4,4,-4,9,4,3,2
6t2y*B2pc,0,0,-1,0,2,1,2,11.299208018387276,Btypc622*,-11.299208018387276,0,0,1,0,-2,-1,-2,10,-10,10,-10,10,-10,9,5,3,1
60v+03X5n,0,0,-1,0,1,0,0,10.562242424221068,Xvn60035+,-10.562242424221068,0,0,1,0,-1,0,0,7,-7,7,-7,7,-7,9,3,5,1
5h81(%YF0,0,1,-2,0,1,0,0,11.884170519108437,YFh5810(%,-11.884170519108437,0,-1,2,0,-1,0,0,6,-6,6,-6,6,-6,9,3,4,2
"5e1,{S4c7",0,1,-1,0,2,1,3,11.884170519108437,"Sec5147,{",-11.884170519108437,0,-1,1,0,-2,-1,-3,9,-9,9,-9,9,-9,9,3,4,2
540?tnufQ,0,0,-1,1,0,0,0,11.299208018387276,Qtnuf540?,-11.299208018387276,0,0,1,-1,0,0,0,1,-1,1,-1,1,-1,9,5,3,1
53%i|UO6t,0,1,-2,0,1,1,1,12.884170519108437,UOit536%|,-12.884170519108437,0,-1,2,0,-1,-1,-1,7,-7,7,-7,7,-7,9,4,3,2
5=1dw&y1K,0,1,-2,0,1,1,1,12.299208018387276,Kdwy511=&,-12.299208018387276,0,-1,2,0,-1,-1,-1,7,-7,7,-7,7,-7,9,4,3,2
4ra%|QDTh,0,1,-1,0,0,0,0,12.299208018387276,QDTrah4%|,-12.299208018387276,0,-1,1,0,0,0,0,4,-4,4,-4,4,-4,9,6,1,2
3x3`60OQM,0,0,-1,0,1,0,0,11.299208018387276,OQMx3360`,-11.299208018387276,0,0,1,0,-1,0,0,4,-4,4,-4,4,-4,9,4,4,1
"3wr-n,7EL",0,1,-2,0,0,0,-1,12.884170519108437,"ELwrn37-,",-12.884170519108437,0,-1,2,0,0,0,1,7,-7,7,-7,7,-7,9,5,2,2
3f&{48D0C,0,1,-2,-1,1,0,-1,11.884170519108437,DCf3480&{,-11.884170519108437,0,-1,2,1,-1,0,1,7,-7,7,-7,7,-7,9,3,4,2
30<bGEAYa,0,0,-1,0,0,0,-1,11.884170519108437,GEAYba30<,-11.884170519108437,0,0,1,0,0,0,1,1,-1,1,-1,1,-1,9,6,2,1
3\f/ft3rK,0,1,-2,1,1,0,1,11.884170519108437,Kfftr33\/,-11.884170519108437,0,-1,2,-1,-1,0,-1,7,-7,7,-7,7,-7,9,5,2,2
2w=yq5Vr0,0,0,-1,0,1,1,1,11.299208018387276,Vwyqr250=,-11.299208018387276,0,0,1,0,-1,-1,-1,9,-9,9,-9,9,-9,9,5,3,1
2ps7-0!J8,0,1,-2,0,1,0,0,11.884170519108437,Jps2708-!,-11.884170519108437,0,-1,2,0,-1,0,0,6,-6,6,-6,6,-6,9,3,4,2
2'c8742N#,0,1,-1,0,1,0,1,10.562242424221068,Nc28742'#,-10.562242424221068,0,-1,1,0,-1,0,-1,6,-6,6,-6,6,-6,9,2,5,2
27:q2c@BU,0,1,-2,0,1,0,0,12.884170519108437,BUqc272:@,-12.884170519108437,0,-1,2,0,-1,0,0,7,-7,7,-7,7,-7,9,4,3,2
1t66@Ew0o,0,0,-1,0,2,0,1,11.299208018387276,Etwo1660@,-11.299208018387276,0,0,1,0,-2,0,-1,7,-7,7,-7,7,-7,9,4,4,1
1r#dt/B57,0,1,-3,0,0,0,-2,12.299208018387276,Brdt157#/,-12.299208018387276,0,-1,3,0,0,0,2,9,-9,9,-9,9,-9,9,4,3,2
1%d!2eNbi,0,1,-2,1,0,0,0,11.884170519108437,Ndebi12%!,-11.884170519108437,0,-1,2,-1,0,0,0,4,-4,4,-4,4,-4,9,5,2,2
1!x8t5U0c,0,0,-1,0,1,1,1,11.299208018387276,Uxtc1850!,-11.299208018387276,0,0,1,0,-1,-1,-1,10,-10,10,-10,10,-10,9,4,4,1
08p`]1HJG,0,1,-1,0,0,0,0,12.299208018387276,HJGp081`],-12.299208018387276,0,-1,1,0,0,0,0,4,-4,4,-4,4,-4,9,4,3,2
087'ubSPO,0,0,-1,0,0,0,-1,12.299208018387276,SPOub087',-12.299208018387276,0,0,1,0,0,0,1,1,-1,1,-1,1,-1,9,5,3,1
07+fA3+m6,0,1,-2,1,0,0,0,11.884170519108437,Afm0736++,-11.884170519108437,0,-1,2,-1,0,0,0,6,-6,6,-6,6,-6,9,3,4,2
02n&joGTw,0,0,-1,0,0,0,-1,11.884170519108437,GTnjow02&,-11.884170519108437,0,0,1,0,0,0,1,4,-4,4,-4,4,-4,9,6,2,1
0^s4u77}E,0,1,-1,0,1,1,2,11.884170519108437,Esu0477^},-11.884170519108437,0,-1,1,0,-1,-1,-2,7,-7,7,-7,7,-7,9,3,4,2
0${5v4eNU,0,1,-1,0,1,0,1,12.884170519108437,NUve054${,-12.884170519108437,0,-1,1,0,-1,0,-1,4,-4,4,-4,4,-4,9,4,3,2
=353sq'Fp,1,0,-1,0,0,0,0,12.299208018387276,Fsqp353=',-12.299208018387276,-1,0,1,0,0,0,0,4,-4,4,-4,4,-4,9,4,3,2
<x1&acS5W,1,0,-2,0,1,0,0,12.884170519108437,SWxac15<&,-12.884170519108437,-1,0,2,0,-1,0,0,7,-7,7,-7,7,-7,9,5,2,2
+uc73HJOH,1,0,0,0,1,0,2,11.884170519108437,HJOHuc73+,-11.884170519108437,-1,0,0,0,-1,0,-2,4,-4,4,-4,4,-4,9,6,2,1
`0l2|oN2t,1,0,-1,1,2,0,3,12.299208018387276,Nlot022`|,-12.299208018387276,-1,0,1,-1,-2,0,-3,7,-7,7,-7,7,-7,9,4,3,2
_uu]3nmCD,1,0,-2,0,0,1,0,11.884170519108437,CDuunm3_],-11.884170519108437,-1,0,2,0,0,-1,0,4,-4,4,-4,4,-4,9,6,1,2
_b16XOWG|,1,0,0,0,1,0,2,11.884170519108437,XOWGb16_|,-11.884170519108437,-1,0,0,0,-1,0,-2,6,-6,6,-6,6,-6,9,5,2,2
^>1p2J81R,1,0,-1,-1,1,0,0,11.884170519108437,JRp1281^>,-11.884170519108437,-1,0,1,1,-1,0,0,7,-7,7,-7,7,-7,9,3,4,2
]xw7a|fPM,1,0,-2,0,1,1,1,11.884170519108437,PMxwaf7]|,-11.884170519108437,-1,0,2,0,-1,-1,-1,7,-7,7,-7,7,-7,9,6,1,2
]i>0wlAeB,1,0,-1,0,0,0,0,11.884170519108437,ABiwle0]>,-11.884170519108437,-1,0,1,0,0,0,0,4,-4,4,-4,4,-4,9,6,1,2
\7al2:84Y,1,0,-2,0,1,0,0,11.884170519108437,Yal7284\:,-11.884170519108437,-1,0,2,0,-1,0,0,4,-4,4,-4,4,-4,9,3,4,2
[b6xXG;dL,1,0,-1,1,1,0,2,12.299208018387276,XGLbxd6[;,-12.299208018387276,-1,0,1,-1,-1,0,-2,7,-7,7,-7,7,-7,9,6,1,2
[7q72QqPe,1,0,0,0,1,-1,1,12.299208018387276,QPqqe772[,-12.299208018387276,-1,0,0,0,-1,1,-1,4,-4,4,-4,4,-4,9,5,3,1
/ev6%4nsD,1,0,-1,1,0,0,1,11.884170519108437,Devns64/%,-11.884170519108437,-1,0,1,-1,0,0,-1,4,-4,4,-4,4,-4,9,5,2,2
*6m6wo<hS,1,0,-1,1,1,0,2,11.884170519108437,Smwoh66*<,-11.884170519108437,-1,0,1,-1,-1,0,-2,7,-7,7,-7,7,-7,9,5,2,2
$fq5w=L5P,1,0,-2,-1,2,0,0,12.884170519108437,LPfqw55$=,-12.884170519108437,-1,0,2,1,-2,0,0,10,-10,10,-10,10,-10,9,5,2,2
!4n!W83vb,1,0,-2,0,1,0,0,12.299208018387276,Wnvb483!!,-12.299208018387276,-1,0,2,0,-1,0,0,7,-7,7,-7,7,-7,9,4,3,2
yo)rb1iS3#,0,1,-1,1,1,-1,1,12.884170519108437,Syorbi13)#,-12.884170519108437,0,-1,1,-1,-1,1,-1,6,-6,6,-6,6,-6,10,6,2,2
x702u;'KL5,0,1,-1,0,1,0,1,14.206098613995799,KLxu7025;',-14.206098613995799,0,-1,1,0,-1,0,-1,6,-6,6,-6,6,-6,10,4,4,2
v555_{mNl3,0,1,-1,1,0,0,1,13.621136113274645,Nvml5553_{,-13.621136113274645,0,-1,1,-1,0,0,-1,3,-3,3,-3,3,-3,10,4,4,2
u?l1a2BMa.,0,1,0,0,1,0,2,14.206098613995799,BMulaa12?.,-14.206098613995799,0,-1,0,0,-1,0,-2,9,-9,9,-9,9,-9,10,6,2,2
t0pd3@2T0j,0,0,-1,0,2,0,1,12.621136113274645,Ttpdj0320@,-12.621136113274645,0,0,1,0,-2,0,-1,7,-7,7,-7,7,-7,10,5,4,1
s61#7|JhVB,0,1,-1,0,0,0,0,14.621136113274645,JVBsh617#|,-14.621136113274645,0,-1,1,0,0,0,0,1,-1,1,-1,1,-1,10,5,3,2
s#16lyHO2v,0,0,-1,0,1,0,0,13.621136113274645,HOslyv162#,-13.621136113274645,0,0,1,0,-1,0,0,4,-4,4,-4,4,-4,10,6,3,1
r.5[rR7OB3,0,1,-1,0,1,0,1,14.621136113274645,ROBrr573.[,-14.621136113274645,0,-1,1,0,-1,0,-1,6,-6,6,-6,6,-6,10,5,3,2
q80<U/C2mv,0,1,-1,-1,1,0,0,14.621136113274645,UCqmv802</,-14.621136113274645,0,-1,1,1,-1,0,0,7,-7,7,-7,7,-7,10,5,3,2
q5c.j@RYO4,0,1,-1,0,1,0,1,14.621136113274645,RYOqcj54.@,-14.621136113274645,0,-1,1,0,-1,0,-1,9,-9,9,-9,9,-9,10,6,2,2
p4d46&3TxY,0,0,-1,0,1,1,1,13.621136113274645,TYpdx4463&,-13.621136113274645,0,0,1,0,-1,-1,-1,4,-4,4,-4,4,-4,10,5,4,1
o-v2NvU-RW,0,1,-1,1,1,0,2,13.621136113274645,NURWovv2--,-13.621136113274645,0,-1,1,-1,-1,0,-2,7,-7,7,-7,7,-7,10,7,1,2
o02-\40oY7,0,1,-1,1,1,0,2,12.884170519108437,Yoo02407-\,-12.884170519108437,0,-1,1,-1,-1,0,-2,3,-3,3,-3,3,-3,10,3,5,2
md7-Y0d#Ah,0,1,-1,-1,1,1,1,14.206098613995799,YAmddh70-#,-14.206098613995799,0,-1,1,1,-1,-1,-1,7,-7,7,-7,7,-7,10,6,2,2
l531`uaJ2a,0,0,-2,1,1,1,1,12.621136113274645,Jluaa5312`,-12.621136113274645,0,0,2,-1,-1,-1,-1,4,-4,4,-4,4,-4,10,5,4,1
i'p46>5yEt,0,1,-1,1,0,0,1,13.621136113274645,Eipyt465'>,-13.621136113274645,0,-1,1,-1,0,0,-1,4,-4,4,-4,4,-4,10,5,3,2
h0t1/A0H1&,0,1,-1,-1,2,0,1,14.206098613995799,AHht0101/&,-14.206098613995799,0,-1,1,1,-2,0,-1,9,-9,9,-9,9,-9,10,4,4,2
f64)#4bOYm,0,1,-1,0,0,0,0,14.621136113274645,OYfbm644)#,-14.621136113274645,0,-1,1,0,0,0,0,1,-1,1,-1,1,-1,10,5,3,2
f61s|d4F3/,0,1,-1,0,2,0,2,13.621136113274645,Ffsd6143|/,-13.621136113274645,0,-1,1,0,-2,0,-2,9,-9,9,-9,9,-9,10,4,4,2
b1{|p6LcTn,0,1,-1,0,1,0,1,14.206098613995799,LTbpcn16{|,-14.206098613995799,0,-1,1,0,-1,0,-1,4,-4,4,-4,4,-4,10,6,2,2
a\o6v5>Qo3,0,1,-2,0,1,1,1,13.621136113274645,Qaovo653\>,-13.621136113274645,0,-1,2,0,-1,-1,-1,9,-9,9,-9,9,-9,10,5,3,2
8=7rg-obT6,0,1,-1,1,0,0,1,13.621136113274645,Trgob876=-,-13.621136113274645,0,-1,1,-1,0,0,-1,6,-6,6,-6,6,-6,10,5,3,2
8(2nx*rQty,0,1,-1,1,0,0,1,12.884170519108437,Qnxrty82(*,-12.884170519108437,0,-1,1,-1,0,0,-1,4,-4,4,-4,4,-4,10,6,2,2
7s74(u8Og(,0,1,-1,0,2,0,2,13.621136113274645,Osug7748((,-13.621136113274645,0,-1,1,0,-2,0,-2,9,-9,9,-9,9,-9,10,4,4,2
7qu^A5K3fI,0,0,-1,0,1,0,0,14.036173612553483,AKIquf753^,-14.036173612553483,0,0,1,0,-1,0,0,10,-10,10,-10,10,-10,10,6,3,1
7e0.0DdE^Q,0,1,-1,0,1,0,1,14.621136113274645,DEQed700.^,-14.621136113274645,0,-1,1,0,-1,0,-1,7,-7,7,-7,7,-7,10,5,3,2
7d!1q7:TDj,0,1,-2,0,1,0,0,14.621136113274645,TDdqj717!:,-14.621136113274645,0,-1,2,0,-1,0,0,7,-7,7,-7,7,-7,10,5,3,2
7^i4g6clBm,0,0,-1,1,1,1,2,12.299208018387276,Bigclm746^,-12.299208018387276,0,0,1,-1,-1,-1,-2,7,-7,7,-7,7,-7,10,6,3,1
6ohd?=uvEY,0,1,-1,0,0,0,0,12.884170519108437,EYohduv6?=,-12.884170519108437,0,-1,1,0,0,0,0,4,-4,4,-4,4,-4,10,7,1,2
6n74\gK$Yh,0,1,-2,0,1,1,1,14.621136113274645,KYngh674\$,-14.621136113274645,0,-1,2,0,-1,-1,-1,7,-7,7,-7,7,-7,10,5,3,2
6bmq'w0-SC,0,1,-2,0,0,0,-1,14.206098613995799,SCbmqw60'-,-14.206098613995799,0,-1,2,0,0,0,1,7,-7,7,-7,7,-7,10,6,2,2
65c*w[1eI8,0,1,-1,1,1,1,3,13.621136113274645,Icwe6518*[,-13.621136113274645,0,-1,1,-1,-1,-1,-3,9,-9,9,-9,9,-9,10,4,4,2
6=4f1h5L\O,0,1,-1,-1,1,1,1,14.206098613995799,LOfh6415=\,-14.206098613995799,0,-1,1,1,-1,-1,-1,10,-10,10,-10,10,-10,10,4,4,2
58c>b8qWJ;,0,1,0,0,1,0,2,14.621136113274645,WJcbq588>;,-14.621136113274645,0,-1,0,0,-1,0,-2,9,-9,9,-9,9,-9,10,5,3,2
55]t{fTBwv,0,1,-2,0,0,0,-1,14.206098613995799,TBtfwv55]{,-14.206098613995799,0,-1,2,0,0,0,1,4,-4,4,-4,4,-4,10,6,2,2
4_8gn4U-FI,0,1,-1,0,1,0,1,14.621136113274645,UFIgn484_-,-14.621136113274645,0,-1,1,0,-1,0,-1,7,-7,7,-7,7,-7,10,5,3,2
4$thN6yVP:,0,1,0,0,1,0,2,14.621136113274645,NVPthy46$:,-14.621136113274645,0,-1,0,0,-1,0,-2,6,-6,6,-6,6,-6,10,6,2,2
3mq4-4P0BC,0,0,-2,0,2,0,0,13.621136113274645,PBCmq3440-,-13.621136113274645,0,0,2,0,-2,0,0,7,-7,7,-7,7,-7,10,5,4,1
3a10eu~8O_,0,1,-1,0,1,0,1,13.621136113274645,Oaeu3108~_,-13.621136113274645,0,-1,1,0,-1,0,-1,9,-9,9,-9,9,-9,10,4,4,2
38y>$A2FNt,0,1,-1,0,1,1,2,14.621136113274645,AFNyt382>$,-14.621136113274645,0,-1,1,0,-1,-1,-2,7,-7,7,-7,7,-7,10,5,3,2
3222?]1plE,0,1,-1,1,0,0,1,12.884170519108437,Epl32221?],-12.884170519108437,0,-1,1,-1,0,0,-1,1,-1,1,-1,1,-1,10,3,5,2
"2,/s63H8Dk",0,1,-1,-1,1,0,0,14.206098613995799,"HDsk2638,/",-14.206098613995799,0,-1,1,1,-1,0,0,7,-7,7,-7,7,-7,10,4,4,2
1x-204;60T,0,1,-2,0,0,0,-1,11.299208018387276,Tx120460-;,-11.299208018387276,0,-1,2,0,0,0,1,4,-4,4,-4,4,-4,10,2,6,2
1b#ndj7UC0,0,0,-2,0,1,0,-1,13.621136113274645,UCbndj170#,-13.621136113274645,0,0,2,0,-1,0,1,9,-9,9,-9,9,-9,10,6,3,1
112'3:d8E5,0,1,-1,0,1,1,2,11.299208018387276,Ed112385':,-11.299208018387276,0,-1,1,0,-1,-1,-2,6,-6,6,-6,6,-6,10,2,6,2
1+d8#LGdSc,0,1,-2,0,0,0,-1,14.621136113274645,LGSddc18+#,-14.621136113274645,0,-1,2,0,0,0,1,4,-4,4,-4,4,-4,10,6,2,2
0k4l&aP5h:,0,1,-1,1,2,0,3,13.621136113274645,Pklah045&:,-13.621136113274645,0,-1,1,-1,-2,0,-3,12,-12,12,-12,12,-12,10,5,3,2
0hd;48{RjC,0,1,-2,0,0,0,-1,14.621136113274645,RChdj048;{,-14.621136113274645,0,-1,2,0,0,0,1,4,-4,4,-4,4,-4,10,5,3,2
0bth^55^0Q,0,1,-2,0,0,0,-1,13.621136113274645,Qbth0550^^,-13.621136113274645,0,-1,2,0,0,0,1,4,-4,4,-4,4,-4,10,4,4,2
06e!l'5IvT,0,1,-1,0,0,0,0,14.621136113274645,ITelv065!',-14.621136113274645,0,-1,1,0,0,0,0,7,-7,7,-7,7,-7,10,5,3,2
=tm3m360Ph,1,0,-1,0,1,0,1,12.621136113274645,Ptmmh3360=,-12.621136113274645,-1,0,1,0,-1,0,-1,7,-7,7,-7,7,-7,10,5,4,1
|v7oh7K(AD,1,0,-1,0,1,0,1,14.621136113274645,KADvoh77|(,-14.621136113274645,-1,0,1,0,-1,0,-1,10,-10,10,-10,10,-10,10,6,2,2
`a0giYV8cx,1,0,-1,0,1,0,1,12.884170519108437,YVagicx08`,-12.884170519108437,-1,0,1,0,-1,0,-1,7,-7,7,-7,7,-7,10,7,2,1
_q785a3[Ie,1,0,-1,0,1,0,1,13.621136113274645,Iqae7853_[,-13.621136113274645,-1,0,1,0,-1,0,-1,7,-7,7,-7,7,-7,10,4,4,2
^5k2u[V33B,1,0,-1,-1,2,1,2,14.206098613995799,VBku5233^[,-14.206098613995799,-1,0,1,1,-2,-1,-2,10,-10,10,-10,10,-10,10,4,4,2
]fw2015hPy,1,0,-1,1,1,0,2,12.621136113274645,Pfwhy2015],-12.621136113274645,-1,0,1,-1,-1,0,-2,4,-4,4,-4,4,-4,10,5,4,1
]7jp_Ie7t8,1,0,-1,0,1,1,2,13.621136113274645,Ijpet778]_,-13.621136113274645,-1,0,1,0,-1,-1,-2,9,-9,9,-9,9,-9,10,5,3,2
;75px]2RO7,1,0,-1,0,1,0,1,14.206098613995799,ROpx7527;],-14.206098613995799,-1,0,1,0,-1,0,-1,6,-6,6,-6,6,-6,10,4,4,2
(hj:8oNhSk,1,0,-1,0,0,0,0,12.884170519108437,NShjohk8(:,-12.884170519108437,-1,0,1,0,0,0,0,4,-4,4,-4,4,-4,10,7,1,2
(ew<5PyBW3,1,0,-1,0,1,-1,0,14.621136113274645,PBWewy53(<,-14.621136113274645,-1,0,1,0,-1,1,0,6,-6,6,-6,6,-6,10,6,2,2
y6|37i>N6Ra,0,1,-2,-1,1,0,-1,16.08056773191194,NRyia6376|>,-16.08056773191194,0,-1,2,1,-1,0,1,7,-7,7,-7,7,-7,11,5,4,2
w726_dE8Pg7,0,0,-1,0,1,0,0,14.75863963702458,EPwdg72687_,-14.75863963702458,0,0,1,0,-1,0,0,6,-6,6,-6,6,-6,11,5,5,1
v>bc8uM53&u,0,1,-1,1,1,-1,1,14.75863963702458,Mvbcuu853>&,-14.75863963702458,0,-1,1,-1,-1,1,-1,7,-7,7,-7,7,-7,11,6,3,2
u5;f<K3qHFW,0,1,-2,0,1,1,1,16.08056773191194,KHFWufq53;<,-16.08056773191194,0,-1,2,0,-1,-1,-1,7,-7,7,-7,7,-7,11,7,2,2
"ruc4>7Q3,83",0,1,-2,0,1,0,0,14.75863963702458,"Qruc47383>,",-14.75863963702458,0,-1,2,0,-1,0,0,3,-3,3,-3,3,-3,11,4,5,2
qls52-20DBa,0,0,-1,0,0,0,-1,15.080567731911941,DBqlsa5220-,-15.080567731911941,0,0,1,0,0,0,1,1,-1,1,-1,1,-1,11,6,4,1
o834%t05Y2^,0,1,-1,0,1,1,2,13.75863963702458,Yot834052%^,-13.75863963702458,0,-1,1,0,-1,-1,-2,6,-6,6,-6,6,-6,11,3,6,2
n7d<4!XXmHg,0,1,-2,0,1,0,0,16.08056773191194,XXHndmg74<!,-16.08056773191194,0,-1,2,0,-1,0,0,4,-4,4,-4,4,-4,11,7,2,2
n77l#U.RtSa,0,1,-2,0,1,0,0,16.08056773191194,URSnlta77#.,-16.08056773191194,0,-1,2,0,-1,0,0,7,-7,7,-7,7,-7,11,7,2,2
mu4%d07X4F#,0,1,-1,-1,1,0,0,16.08056773191194,XFmud4074%#,-16.08056773191194,0,-1,1,1,-1,0,0,9,-9,9,-9,9,-9,11,5,4,2
l45;g1IBXe@,0,1,-1,0,1,0,1,16.49560523119078,IBXlge451;@,-16.49560523119078,0,-1,1,0,-1,0,-1,6,-6,6,-6,6,-6,11,6,3,2
l.exk3k@YSd,0,1,-2,0,1,-1,-1,13.75863963702458,YSlexkkd3.@,-13.75863963702458,0,-1,2,0,-1,1,1,7,-7,7,-7,7,-7,11,8,1,2
k\vt3s[Ma0S,0,1,-2,-1,2,0,0,15.343602137745734,MSkvtsa30\[,-15.343602137745734,0,-1,2,1,-2,0,0,10,-10,10,-10,10,-10,11,7,2,2
i2&hh-4RJR7,0,1,-3,0,1,1,0,16.49560523119078,RJRihh247&-,-16.49560523119078,0,-1,3,0,-1,-1,0,6,-6,6,-6,6,-6,11,6,3,2
h7b#7!odtQJ,0,1,-2,0,1,0,0,15.343602137745734,QJhbodt77#!,-15.343602137745734,0,-1,2,0,-1,0,0,4,-4,4,-4,4,-4,11,7,2,2
g/y80Tc6GV-,0,1,-1,0,1,1,2,16.49560523119078,TGVgyc806/-,-16.49560523119078,0,-1,1,0,-1,-1,-2,9,-9,9,-9,9,-9,11,6,3,2
e!08Jml!mdf,0,1,-2,0,0,1,0,13.75863963702458,Jemlmdf08!!,-13.75863963702458,0,-1,2,0,0,-1,0,4,-4,4,-4,4,-4,11,7,2,2
c=l77U8T1>f,0,1,-1,-1,1,1,1,16.08056773191194,UTclf7781=>,-16.08056773191194,0,-1,1,1,-1,-1,-1,10,-10,10,-10,10,-10,11,5,4,2
8y;7w>qL4XE,0,1,-3,0,1,1,0,16.49560523119078,LXEywq874;>,-16.49560523119078,0,-1,3,0,-1,-1,0,10,-10,10,-10,10,-10,11,6,3,2
8g!r3'E565S,0,1,-3,-1,1,1,-1,15.343602137745734,ESgr83565!',-15.343602137745734,0,-1,3,1,-1,-1,1,10,-10,10,-10,10,-10,11,4,5,2
8ey8*4[QHDF,0,1,-2,0,1,0,0,16.08056773191194,QHDFey884*[,-16.08056773191194,0,-1,2,0,-1,0,0,4,-4,4,-4,4,-4,11,6,3,2
88m>k[k8oMt,0,1,-2,1,1,0,1,14.75863963702458,Mmkkot888>[,-14.75863963702458,0,-1,2,-1,-1,0,-1,10,-10,10,-10,10,-10,11,6,3,2
82&(u1nAtE4,0,1,-2,0,1,0,0,16.08056773191194,AEunt8214&(,-16.08056773191194,0,-1,2,0,-1,0,0,6,-6,6,-6,6,-6,11,5,4,2
7y44[^FY2E1,0,1,-2,0,2,0,1,14.75863963702458,FYEy74421[^,-14.75863963702458,0,-1,2,0,-2,0,-1,9,-9,9,-9,9,-9,11,4,5,2
72a.e`vdOJT,0,1,-2,0,0,0,-1,16.08056773191194,OJTaevd72.`,-16.08056773191194,0,-1,2,0,0,0,1,7,-7,7,-7,7,-7,11,7,2,2
6524d+kA-fF,0,1,-2,1,0,0,0,16.08056773191194,AFdkf6524+-,-16.08056773191194,0,-1,2,-1,0,0,0,7,-7,7,-7,7,-7,11,5,4,2
6`bi_sMLf61,0,1,-2,0,0,0,-1,16.08056773191194,MLbisf661`_,-16.08056773191194,0,-1,2,0,0,0,1,6,-6,6,-6,6,-6,11,6,3,2
6?xj6lj7|RE,0,1,-2,0,1,0,0,16.08056773191194,RExjlj667?|,-16.08056773191194,0,-1,2,0,-1,0,0,7,-7,7,-7,7,-7,11,6,3,2
5r2b$ynAOEP,0,0,-1,0,1,0,0,15.080567731911941,AOEPrbyn52$,-15.080567731911941,0,0,1,0,-1,0,0,7,-7,7,-7,7,-7,11,8,2,1
55my<8`0sI7,0,1,-2,1,1,-1,0,14.75863963702458,Imys55807<`,-14.75863963702458,0,-1,2,-1,-1,1,0,6,-6,6,-6,6,-6,11,4,5,2
5|2t71Yk4&a,0,1,-1,0,1,0,1,14.75863963702458,Ytka52714|&,-14.75863963702458,0,-1,1,0,-1,0,-1,7,-7,7,-7,7,-7,11,4,5,2
5]w8g?WJ1Ba,0,1,-2,0,2,0,1,16.49560523119078,WJBwga581]?,-16.49560523119078,0,-1,2,0,-2,0,-1,10,-10,10,-10,10,-10,11,6,3,2
4xi81n$5H[3,0,1,-2,0,1,1,1,14.75863963702458,Hxin48153$[,-14.75863963702458,0,-1,2,0,-1,-1,-1,9,-9,9,-9,9,-9,11,4,5,2
4wf:37~bXWI,0,1,-2,0,0,0,-1,16.49560523119078,XWIwfb437:~,-16.49560523119078,0,-1,2,0,0,0,1,4,-4,4,-4,4,-4,11,6,3,2
2w#gR8N&kgH,0,1,-3,1,1,0,0,16.08056773191194,RNHwgkg28#&,-16.08056773191194,0,-1,3,-1,-1,0,0,10,-10,10,-10,10,-10,11,7,2,2
2sgk^`Q25bp,0,1,-2,0,1,0,0,14.75863963702458,Qsgkbp225^`,-14.75863963702458,0,-1,2,0,-1,0,0,7,-7,7,-7,7,-7,11,6,3,2
2c=rh4uG^6a,0,1,-2,1,1,0,1,14.75863963702458,Gcrhua246=^,-14.75863963702458,0,-1,2,-1,-1,0,-1,10,-10,10,-10,10,-10,11,6,3,2
1rj}{22OB12,0,1,-1,0,1,0,1,15.343602137745734,OBrj12212}{,-15.343602137745734,0,-1,1,0,-1,0,-1,6,-6,6,-6,6,-6,11,4,5,2
0t*w#33P3oF,0,1,-2,0,1,0,0,16.08056773191194,PFtwo0333*#,-16.08056773191194,0,-1,2,0,-1,0,0,10,-10,10,-10,10,-10,11,5,4,2
0l:DucTW1@I,0,1,-2,0,0,0,-1,16.08056773191194,DTWIluc01:@,-16.08056773191194,0,-1,2,0,0,0,1,7,-7,7,-7,7,-7,11,7,2,2
0d0)!vDQ1lC,0,1,-1,0,2,0,2,16.49560523119078,DQCdvl001)!,-16.49560523119078,0,-1,1,0,-2,0,-2,7,-7,7,-7,7,-7,11,6,3,2
==6uxwnDjsc,1,0,-1,1,0,0,1,11.951284714966974,Duxwnjsc6==,-11.951284714966974,-1,0,1,-1,0,0,-1,1,-1,1,-1,1,-1,11,8,1,2
<2lau$31L5h,1,0,-2,0,1,0,0,15.080567731911941,Llauh2315<$,-15.080567731911941,-1,0,2,0,-1,0,0,7,-7,7,-7,7,-7,11,5,4,2
+h01xqXn^6A,1,0,-1,0,1,0,1,16.08056773191194,XAhxqn016+^,-16.08056773191194,-1,0,1,0,-1,0,-1,7,-7,7,-7,7,-7,11,6,3,2
_g5q24n!nPW,1,0,-2,0,1,0,0,16.08056773191194,PWgqnn524_!,-16.08056773191194,-1,0,2,0,-1,0,0,10,-10,10,-10,10,-10,11,6,3,2
[f47a$NKRd2,1,0,-2,0,1,1,1,16.49560523119078,NKRfad472[$,-16.49560523119078,-1,0,2,0,-1,-1,-1,9,-9,9,-9,9,-9,11,6,3,2
[)u166sL6o2,1,0,-1,1,1,1,3,14.75863963702458,Luso16662[),-14.75863963702458,-1,0,1,-1,-1,-1,-3,9,-9,9,-9,9,-9,11,4,5,2
;u5vm3'p8WO,1,0,-1,0,2,0,2,16.08056773191194,WOuvmp538;',-16.08056773191194,-1,0,1,0,-2,0,-2,10,-10,10,-10,10,-10,11,6,3,2
%ft24oV8SeT,1,0,0,0,1,0,2,15.49560523119078,VSTftoe248%,-15.49560523119078,-1,0,0,0,-1,0,-2,7,-7,7,-7,7,-7,11,7,3,1
y/[773d7x7Nl,0,1,-1,0,1,1,2,16.343602137745734,Nydxl77377/[,-16.343602137745734,0,-1,1,0,-1,-1,-2,7,-7,7,-7,7,-7,12,5,5,2
wd18f`0Vp70!,0,1,0,0,2,0,3,16.343602137745734,Vwdfp18070`!,-16.343602137745734,0,-1,0,0,-2,0,-3,6,-6,6,-6,6,-6,12,5,5,2
w32&3^i0W1uU,0,1,-1,0,1,1,2,17.343602137745734,WUwiu32301&^,-17.343602137745734,0,-1,1,0,-1,-1,-2,7,-7,7,-7,7,-7,12,5,5,2
w01{812yF|51,0,1,-1,1,0,0,1,14.536247215688121,Fwy0181251{|,-14.536247215688121,0,-1,1,-1,0,0,-1,3,-3,3,-3,3,-3,12,3,7,2
vm5$pcKC;J7F,0,1,-2,0,1,0,0,17.665530232633095,KCJFvmpc57$;,-17.665530232633095,0,-1,2,0,-1,0,0,7,-7,7,-7,7,-7,12,8,2,2
v2w>gf5vB0-6,0,1,-1,1,2,0,3,16.343602137745734,Bvwgfv2506>-,-16.343602137745734,0,-1,1,-1,-2,0,-3,9,-9,9,-9,9,-9,12,6,4,2
u\dp2@1NKjF1,0,1,-1,0,1,1,2,18.08056773191194,NKFudpj211\@,-18.08056773191194,0,-1,1,0,-1,-1,-2,6,-6,6,-6,6,-6,12,7,3,2
p]2>5aDMYOht,0,1,-1,0,0,0,0,17.665530232633095,DMYOpaht25]>,-17.665530232633095,0,-1,1,0,0,0,0,1,-1,1,-1,1,-1,12,8,2,2
n-bm305>DSqn,0,1,-1,0,0,0,0,17.343602137745734,DSnbmqn305->,-17.343602137745734,0,-1,1,0,0,0,0,4,-4,4,-4,4,-4,12,7,3,2
"n0.140,DBRs6",0,1,-2,0,0,0,-1,17.343602137745734,"DBRns01406.,",-17.343602137745734,0,-1,2,0,0,0,1,3,-3,3,-3,3,-3,12,5,5,2
mn<)08cuMh6q,0,1,-1,1,1,-1,1,15.75863963702458,Mmncuhq086<),-15.75863963702458,0,-1,1,-1,-1,1,-1,4,-4,4,-4,4,-4,12,7,3,2
ja[*8kAHC6O5,0,1,-1,0,1,-1,0,18.08056773191194,AHCOjak865[*,-18.08056773191194,0,-1,1,0,-1,1,0,6,-6,6,-6,6,-6,12,7,3,2
i81_jL0BG$63,0,1,-1,0,1,1,2,17.343602137745734,LBGij81063_$,-17.343602137745734,0,-1,1,0,-1,-1,-2,6,-6,6,-6,6,-6,12,5,5,2
i81:fE}sKX0a,0,1,-2,1,1,0,1,18.08056773191194,EKXifsa810:},-18.08056773191194,0,-1,2,-1,-1,0,-1,7,-7,7,-7,7,-7,12,7,3,2
i0b!4vHJl*5J,0,1,-1,0,1,1,2,18.08056773191194,HJJibvl045!*,-18.08056773191194,0,-1,1,0,-1,-1,-2,7,-7,7,-7,7,-7,12,7,3,2
h1v2p}jTu#A1,0,1,-1,0,1,0,1,17.343602137745734,TAhvpju121}#,-17.343602137745734,0,-1,1,0,-1,0,-1,12,-12,12,-12,12,-12,12,7,3,2
g6m{14e)HN4G,0,1,-1,0,2,1,3,18.08056773191194,HNGgme6144{),-18.08056773191194,0,-1,1,0,-2,-1,-3,10,-10,10,-10,10,-10,12,6,4,2
f$w7x63{M64P,0,1,-1,-1,2,0,1,17.343602137745734,MPfwx76364${,-17.343602137745734,0,-1,1,1,-2,0,-1,10,-10,10,-10,10,-10,12,5,5,2
do|48n}7Ow5N,0,1,-2,-1,1,-1,-2,17.665530232633095,ONdonw4875|},-17.665530232633095,0,-1,2,1,-1,1,2,7,-7,7,-7,7,-7,12,6,4,2
d51)u4;X3wrf,0,1,-2,0,1,1,1,16.343602137745734,Xduwrf5143);,-16.343602137745734,0,-1,2,0,-1,-1,-1,7,-7,7,-7,7,-7,12,6,4,2
"c3:,dtP1E5NL",0,1,-1,0,1,1,2,18.08056773191194,"PENLcdt315:,",-18.08056773191194,0,-1,1,0,-1,-1,-2,7,-7,7,-7,7,-7,12,7,3,2
b@w.7My088b3,0,1,-1,0,1,0,1,16.343602137745734,Mbwyb70883@.,-16.343602137745734,0,-1,1,0,-1,0,-1,9,-9,9,-9,9,-9,12,5,5,2
at6/7%64XVDI,0,1,-1,0,0,-1,-1,17.665530232633095,XVDIat6764/%,-17.665530232633095,0,-1,1,0,0,1,1,1,-1,1,-1,1,-1,12,6,4,2
8o8n:)JS5Vi7,0,1,-1,0,2,0,2,18.08056773191194,JSVoni8857:),-18.08056773191194,0,-1,1,0,-2,0,-2,12,-12,12,-12,12,-12,12,6,4,2
8n$#1aJ0PR0m,0,1,-1,0,1,1,2,18.08056773191194,JPRnam8100$#,-18.08056773191194,0,-1,1,0,-1,-1,-2,10,-10,10,-10,10,-10,12,6,4,2
6n04%Ei'Hm3V,0,1,-2,-1,2,0,0,18.08056773191194,EHVnim6043%',-18.08056773191194,0,-1,2,1,-2,0,0,10,-10,10,-10,10,-10,12,6,4,2
6h^xi+K1f4Eu,0,1,-2,-1,1,1,0,17.343602137745734,KEhxifu614^+,-17.343602137745734,0,-1,2,1,-1,-1,0,13,-13,13,-13,13,-13,12,7,3,2
6f+#1yj70KbQ,0,1,-1,0,1,1,2,17.665530232633095,KQfyjb6170+#,-17.665530232633095,0,-1,1,0,-1,-1,-2,7,-7,7,-7,7,-7,12,6,4,2
61pf{&4Q223l,0,1,-1,0,1,0,1,15.75863963702458,Qpfl614223{&,-15.75863963702458,0,-1,1,0,-1,0,-1,7,-7,7,-7,7,-7,12,4,6,2
5|~7erw43A2q,0,1,-1,0,1,0,1,16.343602137745734,Aerwq57432|~,-16.343602137745734,0,-1,1,0,-1,0,-1,7,-7,7,-7,7,-7,12,5,5,2
5.bs1jyCf3O<,0,1,0,0,1,0,2,17.343602137745734,CObsjyf513.<,-17.343602137745734,0,-1,0,0,-1,0,-2,9,-9,9,-9,9,-9,12,7,3,2
4ndc6&2/B8XL,0,1,-1,0,2,0,2,18.08056773191194,BXLndc4628&/,-18.08056773191194,0,-1,1,0,-2,0,-2,7,-7,7,-7,7,-7,12,6,4,2
4m_hv6$d8lAX,0,1,-2,0,1,0,0,17.343602137745734,AXmhvdl468_$,-17.343602137745734,0,-1,2,0,-1,0,0,10,-10,10,-10,10,-10,12,7,3,2
4]f`q17RBEO4,0,1,-1,0,1,0,1,17.665530232633095,RBEOfq4174]`,-17.665530232633095,0,-1,1,0,-1,0,-1,9,-9,9,-9,9,-9,12,6,4,2
3q6`56TM)DGF,0,1,-2,1,1,0,1,16.343602137745734,TMDGFq3656`),-16.343602137745734,0,-1,2,-1,-1,0,-1,7,-7,7,-7,7,-7,12,6,4,2
3g1g73t<oM)J,0,1,-1,0,1,0,1,17.665530232633095,MJggto3173<),-17.665530232633095,0,-1,1,0,-1,0,-1,13,-13,13,-13,13,-13,12,6,4,2
3-b7d2B1;M6e,0,1,-2,-1,2,1,1,17.343602137745734,BMbde37216-;,-17.343602137745734,0,-1,2,1,-2,-1,-1,13,-13,13,-13,13,-13,12,5,5,2
35ogi78>e&C4,0,1,-1,0,1,0,1,16.343602137745734,Cogie35784>&,-16.343602137745734,0,-1,1,0,-1,0,-1,9,-9,9,-9,9,-9,12,5,5,2
34e?4;7k0FH4,0,1,-1,0,1,1,2,16.343602137745734,FHek344704?;,-16.343602137745734,0,-1,1,0,-1,-1,-2,9,-9,9,-9,9,-9,12,4,6,2
2n:!8030QNJu,0,1,-1,0,0,0,0,17.343602137745734,QNJnu28030:!,-17.343602137745734,0,-1,1,0,0,0,0,4,-4,4,-4,4,-4,12,5,5,2
2'l6x7)tye6Y,0,1,-2,0,2,0,1,16.343602137745734,Ylxtye2676'),-16.343602137745734,0,-1,2,0,-2,0,-1,10,-10,10,-10,10,-10,12,6,4,2
2d=ngvlU00_r,0,1,-1,1,0,0,1,15.75863963702458,Udngvlr200=_,-15.75863963702458,0,-1,1,-1,0,0,-1,7,-7,7,-7,7,-7,12,7,3,2
27j5(xPHN$LD,0,1,-2,1,1,0,1,17.343602137745734,PHNLDjx275($,-17.343602137745734,0,-1,2,-1,-1,0,-1,7,-7,7,-7,7,-7,12,7,3,2
1k1~!of6I15Y,0,1,-1,-1,2,0,1,17.343602137745734,IYkof11615~!,-17.343602137745734,0,-1,1,1,-2,0,-1,10,-10,10,-10,10,-10,12,5,5,2
1g25_3A$IFbN,0,1,-2,0,1,0,0,17.665530232633095,AIFNgb1253_$,-17.665530232633095,0,-1,2,0,-1,0,0,7,-7,7,-7,7,-7,12,6,4,2
0j36-sL)CHNC,0,1,-2,1,1,0,1,17.343602137745734,LCHNCjs036-),-17.343602137745734,0,-1,2,-1,-1,0,-1,7,-7,7,-7,7,-7,12,7,3,2
07i<{wuV5weo,0,1,-1,1,1,0,2,15.75863963702458,Viwuweo075<{,-15.75863963702458,0,-1,1,-1,-1,0,-2,7,-7,7,-7,7,-7,12,7,3,2
~<0rs5scm8pJ,1,0,0,1,1,0,3,15.75863963702458,Jrsscmp058~<,-15.75863963702458,-1,0,0,-1,-1,0,-3,7,-7,7,-7,7,-7,12,7,3,2
}3x>0000YBTj,1,0,-1,0,0,0,0,17.343602137745734,YBTxj30000}>,-17.343602137745734,-1,0,1,0,0,0,0,4,-4,4,-4,4,-4,12,5,5,2
{3sUJn2nGR3$,1,0,0,0,1,-1,1,18.08056773191194,UJGRsnn323{$,-18.08056773191194,-1,0,0,0,-1,1,-1,6,-6,6,-6,6,-6,12,7,3,2
]37g=2QwKNIr,1,0,-1,0,0,0,0,18.08056773191194,QKNIgwr372]=,-18.08056773191194,-1,0,1,0,0,0,0,4,-4,4,-4,4,-4,12,7,3,2
@o2bk4k17P45,1,0,-1,0,1,1,2,14.75863963702458,Pobkk241745@,-14.75863963702458,-1,0,1,0,-1,-1,-2,12,-12,12,-12,12,-12,12,5,6,1
@7%s7gdyJ3Cc,1,0,-1,0,1,0,1,17.343602137745734,JCsgdyc773@%,-17.343602137745734,-1,0,1,0,-1,0,-1,7,-7,7,-7,7,-7,12,7,3,2
:17p3l[047Fs,1,0,-1,0,1,0,1,15.75863963702458,Fpls173047:[,-15.75863963702458,-1,0,1,0,-1,0,-1,7,-7,7,-7,7,-7,12,4,6,2
)r6j6qO;3u13,1,0,-1,1,2,1,4,16.343602137745734,Orjqu66313);,-16.343602137745734,-1,0,1,-1,-2,-1,-4,12,-12,12,-12,12,-12,12,5,5,2
)1su1627*3VM,1,0,-1,0,1,0,1,16.343602137745734,VMsu116273)*,-16.343602137745734,-1,0,1,0,-1,0,-1,4,-4,4,-4,4,-4,12,4,6,2
(8p)16lTHl7D,1,0,-1,0,1,0,1,18.08056773191194,THDpll8167(),-18.08056773191194,-1,0,1,0,-1,0,-1,7,-7,7,-7,7,-7,12,6,4,2
%03ryE1U6A?2,1,0,0,0,1,0,2,17.343602137745734,EUAry03162%?,-17.343602137745734,-1,0,0,0,-1,0,-2,9,-9,9,-9,9,-9,12,5,5,2
$80vp6Jg2UHG,1,0,-1,0,1,1,2,17.08056773191194,JUHGvpg8062$,-17.08056773191194,-1,0,1,0,-1,-1,-2,7,-7,7,-7,7,-7,12,7,4,1
$7fsuS<4luth,1,0,-1,1,0,-1,0,14.536247215688121,Sfsuluth74$<,-14.536247215688121,-1,0,1,-1,0,1,0,4,-4,4,-4,4,-4,12,8,2,2
!8g58h!T2L5f,1,0,-1,-1,2,0,1,17.343602137745734,TLghf85825!!,-17.343602137745734,-1,0,1,1,-2,0,-1,13,-13,13,-13,13,-13,12,5,5,2
!661brb4&MUa,1,0,-1,0,1,0,1,17.665530232633095,MUbrba6614!&,-17.665530232633095,-1,0,1,0,-1,0,-1,4,-4,4,-4,4,-4,12,6,4,2
y3'|k10Cd3EKC,0,1,-2,0,1,0,0,19.781007450053025,CEKCykd3103'|,-19.781007450053025,0,-1,2,0,-1,0,0,7,-7,7,-7,7,-7,13,7,4,2
xx5gj%0D_7wXS,0,1,-2,0,1,0,0,19.45907935516567,DXSxxgjw507%_,-19.45907935516567,0,-1,2,0,-1,0,0,7,-7,7,-7,7,-7,13,8,3,2
wfa3_q%nK3Tdi,0,1,-2,0,1,-1,-1,17.23668693382922,KTwfaqndi33_%,-17.23668693382922,0,-1,2,0,-1,1,1,7,-7,7,-7,7,-7,13,9,2,2
w2w;0xN5?7PbR,0,1,-2,1,2,0,2,19.781007450053025,NPRwwxb2057;?,-19.781007450053025,0,-1,2,-1,-2,0,-2,7,-7,7,-7,7,-7,13,7,4,2
w[h2~h03sGVS2,0,1,-2,0,1,0,0,19.781007450053025,GVSwhhs2032[~,-19.781007450053025,0,-1,2,0,-1,0,0,9,-9,9,-9,9,-9,13,7,4,2
"v,8j1#or6Oe2u",0,1,-2,0,2,0,1,17.45907935516567,"Ovjoreu8162,#",-17.45907935516567,0,-1,2,0,-2,0,-1,10,-10,10,-10,10,-10,13,7,4,2
u1j!*po0MOjcx,0,1,-1,0,2,0,2,17.23668693382922,MOujpojcx10!*,-17.23668693382922,0,-1,1,0,-2,0,-2,7,-7,7,-7,7,-7,13,9,2,2
"tw5~8ur72I,l7",0,1,-2,0,1,0,0,17.722113760999463,"Itwurl58727~,",-17.722113760999463,0,-1,2,0,-1,0,0,9,-9,9,-9,9,-9,13,6,5,2
s+_q3f85B0UtH,0,1,-1,0,1,0,1,19.781007450053025,BUHsqft3850+_,-19.781007450053025,0,-1,1,0,-1,0,-1,10,-10,10,-10,10,-10,13,7,4,2
"rj=,5bqmvXTMB",0,1,-2,0,0,0,-1,17.45907935516567,"XTMBrjbqmv5=,",-17.45907935516567,0,-1,2,0,0,0,1,1,-1,1,-1,1,-1,13,10,1,2
qfy:106U&XPF4,0,1,-2,0,0,0,-1,19.781007450053025,UXPFqfy1064:&,-19.781007450053025,0,-1,2,0,0,0,1,6,-6,6,-6,6,-6,13,7,4,2
q01e?e*SYLCCF,0,1,-2,0,1,0,0,18.45907935516567,SYLCCFqee01?*,-18.45907935516567,0,-1,2,0,-1,0,0,7,-7,7,-7,7,-7,13,9,2,2
p34v2%6W%UKJH,0,1,-2,0,1,0,0,19.04404185588683,WUKJHpv3426%%,-19.04404185588683,0,-1,2,0,-1,0,0,7,-7,7,-7,7,-7,13,7,4,2
nw08~mcKTgA6a,0,0,-1,0,1,0,0,17.87411685444451,KTAnwmcga086~,-17.87411685444451,0,0,1,0,-1,0,0,4,-4,4,-4,4,-4,13,9,3,1
n\17nqp5HJY'U,0,1,-1,0,1,0,1,19.781007450053025,HJYUnnqp175\',-19.781007450053025,0,-1,1,0,-1,0,-1,7,-7,7,-7,7,-7,13,8,3,2
n$3w^8ob7XWXN,0,1,-2,0,1,0,0,19.781007450053025,XWXNnwob387$^,-19.781007450053025,0,-1,2,0,-1,0,0,7,-7,7,-7,7,-7,13,8,3,2
mp&/6wCKAh62e,0,1,-2,0,1,0,0,19.45907935516567,CKAmpwhe662&/,-19.45907935516567,0,-1,2,0,-1,0,0,4,-4,4,-4,4,-4,13,8,3,2
mb274^JpNN3;y,0,1,-1,0,0,1,1,19.781007450053025,JNNmbpy2743^;,-19.781007450053025,0,-1,1,0,0,-1,-1,4,-4,4,-4,4,-4,13,7,4,2
m|6fx6>PsU67M,0,1,-2,0,2,0,1,19.781007450053025,PUMmfxs6667|>,-19.781007450053025,0,-1,2,0,-2,0,-1,7,-7,7,-7,7,-7,13,7,4,2
k03~WgY07O>0V,0,1,-2,0,1,0,0,19.04404185588683,WYOVkg03070~>,-19.04404185588683,0,-1,2,0,-1,0,0,7,-7,7,-7,7,-7,13,6,5,2
k>8ioy4x6r;IR,0,1,-2,0,1,-1,-1,18.45907935516567,IRkioyxr846>;,-18.45907935516567,0,-1,2,0,-1,1,1,10,-10,10,-10,10,-10,13,8,3,2
j0*s7451\5ELE,0,1,-2,0,0,0,-1,18.45907935516567,ELEjs074515*\,-18.45907935516567,0,-1,2,0,0,0,1,4,-4,4,-4,4,-4,13,5,6,2
"j,x0(er8n6vOw",0,1,-2,1,1,0,1,16.651724433108058,"Ojxernvw086,(",-16.651724433108058,0,-1,2,-1,-1,0,-1,10,-10,10,-10,10,-10,13,8,3,2
igv5e5e*31?Q0,0,1,-2,0,1,0,0,17.722113760999463,Qigvee55310*?,-17.722113760999463,0,-1,2,0,-1,0,0,9,-9,9,-9,9,-9,13,6,5,2
h28`2s0NQ1y/X,0,1,-1,0,1,1,2,19.45907935516567,NQXhsy28201`/,-19.45907935516567,0,-1,1,0,-1,-1,-2,10,-10,10,-10,10,-10,13,6,5,2
b7<kF4B{N4sqp,0,1,-3,0,2,0,0,19.45907935516567,FBNbksqp744<{,-19.45907935516567,0,-1,3,0,-2,0,0,10,-10,10,-10,10,-10,13,8,3,2
avw83&S>tMWue,0,1,-2,0,0,-1,-2,18.45907935516567,SMWavwtue83&>,-18.45907935516567,0,-1,2,0,0,1,2,4,-4,4,-4,4,-4,13,9,2,2
ad54~ON72Q:pk,0,1,-2,0,1,-1,-1,19.781007450053025,ONQadpk5472~:,-19.781007450053025,0,-1,2,0,-1,1,1,7,-7,7,-7,7,-7,13,7,4,2
a6&*ws301xQgb,0,1,-2,1,1,1,2,17.45907935516567,Qawsxgb6301&*,-17.45907935516567,0,-1,2,-1,-1,-1,-2,4,-4,4,-4,4,-4,13,7,4,2
8?1-n5DX7Po7H,0,1,-2,0,1,0,0,19.04404185588683,DXPHno81577?-,-19.04404185588683,0,-1,2,0,-1,0,0,10,-10,10,-10,10,-10,13,6,5,2
7m71~5d4\OU8P,0,1,-2,0,3,1,3,18.45907935516567,OUPmd771548~\,-18.45907935516567,0,-1,2,0,-3,-1,-3,10,-10,10,-10,10,-10,13,5,6,2
7a|7]KBh02N0q,0,1,-2,0,1,1,1,19.45907935516567,KBNahq77020|],-19.45907935516567,0,-1,2,0,-1,-1,-1,10,-10,10,-10,10,-10,13,6,5,2
7_6cp`1RX72Ij,0,1,-2,0,1,0,0,19.45907935516567,RXIcpj76172_`,-19.45907935516567,0,-1,2,0,-1,0,0,7,-7,7,-7,7,-7,13,6,5,2
6l)`7YFpx8R5f,0,1,-2,0,1,0,0,19.781007450053025,YFRlpxf6785)`,-19.781007450053025,0,-1,2,0,-1,0,0,10,-10,10,-10,10,-10,13,7,4,2
-68m6dC6>cadJ,1,0,-1,1,1,0,2,19.04404185588683,CJmdcad6866->,-19.04404185588683,-1,0,1,-1,-1,0,-2,7,-7,7,-7,7,-7,13,7,4,2
634|vl43?v5LG,0,1,-2,0,1,0,0,18.45907935516567,LGvlv634435|?,-18.45907935516567,0,-1,2,0,-1,0,0,7,-7,7,-7,7,-7,13,5,6,2
60l$3=CMkvWEU,0,1,-2,0,0,0,-1,19.45907935516567,CMWEUlkv603$=,-19.45907935516567,0,-1,2,0,0,0,1,4,-4,4,-4,4,-4,13,8,3,2
6_7pa58KMx332,0,0,-1,0,1,0,0,16.651724433108058,KMpax6758332_,-16.651724433108058,0,0,1,0,-1,0,0,6,-6,6,-6,6,-6,13,5,7,1
6]yr0T{R6Aimv,0,1,-2,-1,2,-1,-1,19.45907935516567,TRAyrimv606]{,-19.45907935516567,0,-1,2,1,-2,1,1,10,-10,10,-10,10,-10,13,8,3,2
6:}0uo4s85Qo2,0,1,-1,0,1,1,2,17.45907935516567,Quoso604852:},-17.45907935516567,0,-1,1,0,-1,-1,-2,9,-9,9,-9,9,-9,13,5,6,2
5xxb-6<07ONRh,0,1,-2,0,0,0,-1,19.781007450053025,ONRxxbh5607-<,-19.781007450053025,0,-1,2,0,0,0,1,4,-4,4,-4,4,-4,13,7,4,2
5u|3jn@23S54a,0,1,-2,0,1,1,1,17.45907935516567,Sujna532354|@,-17.45907935516567,0,-1,2,0,-1,-1,-1,10,-10,10,-10,10,-10,13,5,6,2
5n2`550{Dy6w3,0,1,-2,0,2,0,1,16.651724433108058,Dnyw5255063`{,-16.651724433108058,0,-1,2,0,-2,0,-1,9,-9,9,-9,9,-9,13,4,7,2
"544p5,ftA32Q!",0,1,-1,0,2,-1,1,18.45907935516567,"AQpft544532,!",-18.45907935516567,0,-1,1,0,-2,1,-1,9,-9,9,-9,9,-9,13,5,6,2
4uq4o&a_8XYQJ,0,1,-2,0,1,1,1,19.781007450053025,XYQJuqoa448&_,-19.781007450053025,0,-1,2,0,-1,-1,-1,10,-10,10,-10,10,-10,13,8,3,2
4mm8:5j6A^dP4,0,1,-3,0,2,1,1,19.04404185588683,APmmjd48564:^,-19.04404185588683,0,-1,3,0,-2,-1,-1,12,-12,12,-12,12,-12,13,6,5,2
42os!?PUsJgfK,0,1,-2,0,0,-1,-2,19.04404185588683,PUJKossgf42!?,-19.04404185588683,0,-1,2,0,0,1,2,4,-4,4,-4,4,-4,13,9,2,2
42^:vxJKyQ28g,0,1,-2,0,1,0,0,19.781007450053025,JKQvxyg4228^:,-19.781007450053025,0,-1,2,0,-1,0,0,4,-4,4,-4,4,-4,13,7,4,2
3j?@6gdmLQx6V,0,1,-2,0,1,0,0,19.45907935516567,LQVjgdmx366?@,-19.45907935516567,0,-1,2,0,-1,0,0,7,-7,7,-7,7,-7,13,8,3,2
3/2fe/CLa3K78,0,1,-2,0,1,-1,-1,19.45907935516567,CLKfea32378//,-19.45907935516567,0,-1,2,0,-1,1,1,9,-9,9,-9,9,-9,13,6,5,2
2xx3i$in<1ED7,0,1,-2,0,2,-1,0,19.04404185588683,EDxxiin2317$<,-19.04404185588683,0,-1,2,0,-2,1,0,12,-12,12,-12,12,-12,13,7,4,2
2x02a.6tnP@8X,0,1,-2,0,1,1,1,19.04404185588683,PXxatn20268.@,-19.04404185588683,0,-1,2,0,-1,-1,-1,10,-10,10,-10,10,-10,13,6,5,2
2q2f(gve;3Mhb,0,1,-2,0,1,0,0,16.651724433108058,Mqfgvehb223(;,-16.651724433108058,0,-1,2,0,-1,0,0,10,-10,10,-10,10,-10,13,8,3,2
1ws76v=ld.4Ys,0,1,-3,0,1,0,-1,17.45907935516567,Ywsvlds1764=.,-17.45907935516567,0,-1,3,0,-1,0,1,10,-10,10,-10,10,-10,13,7,4,2
1e7v3\4tD6o8|,0,1,-1,1,2,1,4,17.45907935516567,Devto173468\|,-17.45907935516567,0,-1,1,-1,-2,-1,-4,12,-12,12,-12,12,-12,13,5,6,2
1aw}j!TOQwt8f,0,1,-2,0,1,-1,-1,18.45907935516567,TOQawjwtf18}!,-18.45907935516567,0,-1,2,0,-1,1,1,10,-10,10,-10,10,-10,13,9,2,2
1848*f:4jMMXe,0,1,-2,0,0,1,0,19.45907935516567,MMXfje18484*:,-19.45907935516567,0,-1,2,0,0,-1,0,4,-4,4,-4,4,-4,13,6,5,2
1:sj202X$4vVG,0,1,-2,0,1,0,0,19.45907935516567,XVGsjv12024:$,-19.45907935516567,0,-1,2,0,-1,0,0,7,-7,7,-7,7,-7,13,6,5,2
0d6'b%7YDou36,0,1,-2,0,2,0,1,19.04404185588683,YDdbou06736'%,-19.04404185588683,0,-1,2,0,-2,0,-1,9,-9,9,-9,9,-9,13,6,5,2
06o$uk&CySC1G,0,1,-2,0,1,-1,-1,19.781007450053025,CSCGouky061$&,-19.781007450053025,0,-1,2,0,-1,1,1,10,-10,10,-10,10,-10,13,8,3,2
=d4mA]TLVkTK3,1,0,-2,1,1,0,1,18.45907935516567,ATLVTKdmk43=],-18.45907935516567,-1,0,2,-1,-1,0,-1,9,-9,9,-9,9,-9,13,9,2,2
<r456wcv1a\JS,1,0,-1,0,1,1,2,19.04404185588683,JSrwcva4561<\,-19.04404185588683,-1,0,1,0,-1,-1,-2,10,-10,10,-10,10,-10,13,7,4,2
\&q46utKkSCJW,1,0,-1,0,1,0,1,19.04404185588683,KSCJWqutk46\&,-19.04404185588683,-1,0,1,0,-1,0,-1,4,-4,4,-4,4,-4,13,9,2,2
[f1omVd2.0kmi,1,0,-1,1,1,-1,1,16.651724433108058,Vfomdkmi120[.,-16.651724433108058,-1,0,1,-1,-1,1,-1,7,-7,7,-7,7,-7,13,8,3,2
@f$70Nw4YqlcT,1,0,-1,0,1,1,2,19.45907935516567,NYTfwqlc704@$,-19.45907935516567,-1,0,1,0,-1,-1,-2,7,-7,7,-7,7,-7,13,8,3,2
;qypar67rO-2i,1,0,-1,1,1,0,2,16.651724433108058,Oqyparri672;-,-16.651724433108058,-1,0,1,-1,-1,0,-2,7,-7,7,-7,7,-7,13,8,3,2
;%004li8LA7Lx,1,0,-1,0,1,0,1,19.45907935516567,LALlix00487;%,-19.45907935516567,-1,0,1,0,-1,0,-1,7,-7,7,-7,7,-7,13,6,5,2
",1s01?d8RGIof",1,0,-2,0,2,0,1,19.781007450053025,"RGIsdof1018,?",-19.781007450053025,-1,0,2,0,-2,0,-1,7,-7,7,-7,7,-7,13,7,4,2
*dc4wc7FG4Af#,1,0,0,0,1,0,2,19.45907935516567,FGAdcwcf474*#,-19.45907935516567,-1,0,0,0,-1,0,-2,12,-12,12,-12,12,-12,13,8,3,2
&1c{C7Ws0LUg0,1,0,-2,0,1,0,0,19.781007450053025,CWLUcsg1700&{,-19.781007450053025,-1,0,2,0,-1,0,0,12,-12,12,-12,12,-12,13,7,4,2
!g?w8o0P61wGG,1,0,-1,0,1,1,2,19.781007450053025,PGGgwow8061!?,-19.781007450053025,-1,0,1,0,-1,-1,-2,13,-13,13,-13,13,-13,13,7,4,2
yl}s1gf62vMSR),0,1,-1,0,1,0,1,20.68147177650212,MSRylsgfv162}),-20.68147177650212,0,-1,1,0,-1,0,-1,9,-9,9,-9,9,-9,14,9,3,2
"x=s7,6K4jOL876",0,1,-2,0,1,0,0,20.68147177650212,"KOLxsj764876=,",-20.68147177650212,0,-1,2,0,-1,0,0,9,-9,9,-9,9,-9,14,6,6,2
wo3m8w8!MM7H&N,0,1,-1,0,2,0,2,21.588362372110637,MMHNwomw3887!&,-21.588362372110637,0,-1,1,0,-2,0,-2,13,-13,13,-13,13,-13,14,8,4,2
w0+;b351iTXju3,0,1,-1,0,1,0,1,20.529468683057075,TXwbiju03513+;,-20.529468683057075,0,-1,1,0,-1,0,-1,6,-6,6,-6,6,-6,14,7,5,2
o8%c%p24SiAC3C,0,1,-2,0,1,0,0,21.588362372110637,SACCocpi8243%%,-21.588362372110637,0,-1,2,0,-1,0,0,10,-10,10,-10,10,-10,14,8,4,2
o6)75x<4C8118B,0,1,-2,-1,1,1,0,18.04404185588683,CBox67548118)<,-18.04404185588683,0,-1,2,1,-1,-1,0,7,-7,7,-7,7,-7,14,4,8,2
n1jf{c?QY3ONae,0,1,-2,0,2,0,1,20.26643427722327,QYONnjfcae13{?,-20.26643427722327,0,-1,2,0,-2,0,-1,10,-10,10,-10,10,-10,14,10,2,2
m#o0fp^2aRf207,0,1,-2,1,2,0,2,18.944506182335914,Rmofpaf02207#^,-18.944506182335914,0,-1,2,-1,-2,0,-2,9,-9,9,-9,9,-9,14,7,5,2
i1v$5d1@4tPf5M,0,1,-1,0,3,1,4,20.529468683057075,PMivdtf15145$@,-20.529468683057075,0,-1,1,0,-3,-1,-4,10,-10,10,-10,10,-10,14,7,5,2
dro[k252u77I[H,0,1,-1,-1,1,0,0,20.529468683057075,IHdroku25277[[,-20.529468683057075,0,-1,1,1,-1,0,0,10,-10,10,-10,10,-10,14,7,5,2
7l7~)2q0lkW27I,0,1,-1,0,2,1,3,20.26643427722327,WIlqlk772027~),-20.26643427722327,0,-1,1,0,-2,-1,-3,10,-10,10,-10,10,-10,14,6,6,2
7k@j2selr`b23E,0,1,-2,0,2,0,1,18.45907935516567,Ekjselrb7223@`,-18.45907935516567,0,-1,2,0,-2,0,-1,13,-13,13,-13,13,-13,14,8,4,2
6l<61+j36n1sPE,0,1,-2,0,1,0,0,20.26643427722327,PEljns661361<+,-20.26643427722327,0,-1,2,0,-1,0,0,10,-10,10,-10,10,-10,14,6,6,2
6fx:xEftl22p-C,0,1,-1,0,1,-1,0,19.45907935516567,ECfxxftlp622:-,-19.45907935516567,0,-1,1,0,-1,1,0,10,-10,10,-10,10,-10,14,9,3,2
6450'8taPkc!6V,0,1,-2,0,0,0,-1,20.26643427722327,PVtakc645086'!,-20.26643427722327,0,-1,2,0,0,0,1,4,-4,4,-4,4,-4,14,6,6,2
60.njqB~t7Yqr8,0,1,-2,0,1,1,1,20.26643427722327,BYnjqtqr6078.~,-20.26643427722327,0,-1,2,0,-1,-1,-1,9,-9,9,-9,9,-9,14,8,4,2
"5y06,486Uno?VQ",0,1,-2,0,1,0,0,20.68147177650212,"UVQyno506486,?",-20.68147177650212,0,-1,2,0,-1,0,0,7,-7,7,-7,7,-7,14,6,6,2
5s*v0{843Yq135,0,1,-2,0,1,1,1,17.45907935516567,Ysvq50843135*{,-17.45907935516567,0,-1,2,0,-1,-1,-1,9,-9,9,-9,9,-9,14,4,8,2
5it\]63u11E217,0,1,-1,0,1,0,1,17.45907935516567,Eitu56311217\],-17.45907935516567,0,-1,1,0,-1,0,-1,9,-9,9,-9,9,-9,14,4,8,2
4i_55fQ$2Mnh30,0,1,-2,0,1,1,1,20.26643427722327,QMifnh455230_$,-20.26643427722327,0,-1,2,0,-1,-1,-1,9,-9,9,-9,9,-9,14,6,6,2
3j5t_jbEHQ]ff0,0,1,-2,0,1,-1,-1,20.68147177650212,EHQjtjbff350_],-20.68147177650212,0,-1,2,0,-1,1,1,12,-12,12,-12,12,-12,14,9,3,2
3<ly.8kHs3egDM,0,1,-2,0,1,-1,-1,20.68147177650212,HDMlykseg383<.,-20.68147177650212,0,-1,2,0,-1,1,1,7,-7,7,-7,7,-7,14,9,3,2
2p7=144pxpKl)G,0,1,-1,0,1,0,1,20.529468683057075,KGppxpl27144=),-20.529468683057075,0,-1,1,0,-1,0,-1,7,-7,7,-7,7,-7,14,7,5,2
25(ep-76NAWOQ5,0,1,-2,0,1,-1,-1,20.529468683057075,NAWOQep25765(-,-20.529468683057075,0,-1,2,0,-1,1,1,6,-6,6,-6,6,-6,14,7,5,2
20a:7v(270u2gO,0,1,-2,1,1,0,1,18.45907935516567,Oavug2072702:(,-18.45907935516567,0,-1,2,-1,-1,0,-1,10,-10,10,-10,10,-10,14,5,7,2
1v2_84e!Nxb7F7,0,1,-1,-1,2,1,2,20.26643427722327,NFvexb128477_!,-20.26643427722327,0,-1,1,1,-2,-1,-2,12,-12,12,-12,12,-12,14,6,6,2
1at00{oCgXNm&6,0,1,-1,0,1,0,1,21.26643427722327,CXNatogm1006{&,-21.26643427722327,0,-1,1,0,-1,0,-1,6,-6,6,-6,6,-6,14,8,4,2
1}mo47#ef1oQVD,0,1,-2,0,1,-1,-1,21.26643427722327,QVDmoefo1471}#,-21.26643427722327,0,-1,2,0,-1,1,1,7,-7,7,-7,7,-7,14,8,4,2
"06y8,aqFINBd3#",0,1,-1,0,1,0,1,21.588362372110637,"FINByaqd0683,#",-21.588362372110637,0,-1,1,0,-1,0,-1,6,-6,6,-6,6,-6,14,8,4,2
>dvoa7A6yA7h.k,1,0,0,0,1,0,2,19.45907935516567,AAdvoayhk767>.,-19.45907935516567,-1,0,0,0,-1,0,-2,13,-13,13,-13,13,-13,14,9,3,2
~kgs4v7geW6`fr,1,0,-1,1,1,0,2,17.45907935516567,Wkgsvgefr476~`,-17.45907935516567,-1,0,1,-1,-1,0,-2,10,-10,10,-10,10,-10,14,9,3,2
\j7r23pes}5BFI,1,0,-1,0,1,-1,0,21.26643427722327,BFIjrpes7235\},-21.26643427722327,-1,0,1,0,-1,1,0,10,-10,10,-10,10,-10,14,8,4,2
[g4}p77iFHh6HA,1,0,-1,0,1,0,1,21.588362372110637,FHHAgpih4776[},-21.588362372110637,-1,0,1,0,-1,0,-1,10,-10,10,-10,10,-10,14,8,4,2
@e1xg3WAG?01W5,1,0,-1,0,2,0,2,21.26643427722327,WAGWexg13015@?,-21.26643427722327,-1,0,1,0,-2,0,-2,12,-12,12,-12,12,-12,14,7,5,2
:cxsyn03'0ViAn,1,0,-1,0,0,-1,-1,19.45907935516567,VAcxsynin030:',-19.45907935516567,-1,0,1,0,0,1,1,4,-4,4,-4,4,-4,14,9,3,2
.2xermremo2%Vl,1,0,-1,0,1,0,1,15.874116854444509,Vxermremol22.%,-15.874116854444509,-1,0,1,0,-1,0,-1,4,-4,4,-4,4,-4,14,10,2,2
",48(xlLEpe02gS",1,0,-1,0,1,0,1,21.26643427722327,"LESxlpeg4802,(",-21.26643427722327,-1,0,1,0,-1,0,-1,4,-4,4,-4,4,-4,14,8,4,2
&6m)uOmh0Ak1M1,1,0,-1,0,1,0,1,21.26643427722327,OAMmumhk6011&),-21.26643427722327,-1,0,1,0,-1,0,-1,12,-12,12,-12,12,-12,14,8,4,2
$g7)81ragUfSvb,1,0,-1,0,0,0,0,19.45907935516567,USgragfvb781$),-19.45907935516567,-1,0,1,0,0,0,0,4,-4,4,-4,4,-4,14,9,3,2
